request_id,arrived_at,num_prefill_tokens,num_decode_tokens,target_arrived_at,actual_submit_at,submit_jitter_ms
0,0.0,504,1261,0.0,0.0011555161327123642,1.1555161327123642
1,1.498981662094593,14,94,1.5,1.5001371782273054,0.1371782273054123
2,2.999579969793558,15,18,3.0,3.0007354859262705,0.7354859262704849
3,4.252417754381895,200,173,4.252500232798265,4.253573270514607,1.0730377163428173
4,5.03208496235311,28,11,5.032599472093306,5.033240478485823,0.6410063925166298
5,6.071869445964694,11,18,6.072586808686985,6.073024962097406,0.4381534104211937
6,6.072288716211915,25,445,6.072788236595011,6.073444232344627,0.6559957496161672
7,6.564835954457521,2,9,6.565861992235981,6.565991470590234,0.1294783542524769
8,6.707662450149655,423,138,6.708133923634046,6.708817966282368,0.684042648321892
9,7.362552417442203,6,205,7.363624333144663,7.363707933574915,0.08360043025223973
10,7.646032834425569,45,244,7.6467842116447,7.647188350558281,0.4041389135807094
11,8.056833436712623,3,17,8.057374687607373,8.057988952845335,0.6142652379619307
12,8.448229935020208,385,295,8.448664592946946,8.44938545115292,0.7208582059750057
13,8.876868626102805,36,369,8.877866559795434,8.878024142235518,0.15758244008345912
14,9.755967678502202,7,11,9.756085380924798,9.757123194634914,1.0378137101163531
15,11.255085669457912,579,502,11.256085380924798,11.256241185590625,0.15580466582676422
16,11.467886278405786,43,896,11.4680637462102,11.469041794538498,0.9780483282977315
17,12.28764365054667,58,25,12.288273214211461,12.288799166679382,0.525952467921087
18,13.387851914390922,5,234,13.388576781560282,13.389007430523634,0.43064896335209824
19,13.636502161622047,13,501,13.637425232735747,13.63765767775476,0.2324450190123173
20,13.70315333083272,396,50,13.703310154759777,13.704308846965432,0.9986922056555159
21,14.046607593074441,325,177,14.047278309753949,14.047763109207153,0.4847994532042321
22,14.77035092562437,59,41,14.77063232186939,14.771506441757083,0.8741198876922596
23,15.141816638410091,8,93,15.14200658433859,15.142972154542804,0.9655702042135061
24,15.243774672970176,211,116,15.24396193205161,15.244930189102888,0.9682570512783428
25,15.854586686939001,30,6,15.855149303499532,15.855742203071713,0.5928995721813379
26,16.051084965467453,14,143,16.05132384149027,16.052240481600165,0.9166401098958943
27,17.137521609663963,37,816,17.138158135891477,17.138677125796676,0.5189899051991631
28,17.230087459087372,532,310,17.23041641573173,17.231242975220084,0.8265594883525296
29,17.680861353874207,52,647,17.680973545463722,17.68201687000692,1.0433245431968885
30,17.92382437735796,4,18,17.924420469857917,17.924979893490672,0.5594236327546298
31,19.42366117797792,241,537,19.424420469857917,19.424816694110632,0.39622425271446104
32,19.49842839501798,32,112,19.499030592447298,19.499583911150694,0.553318703396144
33,20.559011556208134,14,21,20.559631208704033,20.560167072340846,0.5358636368129055
34,20.829818515107036,201,253,20.829963392344755,20.830974031239748,1.0106388949928657
35,21.061771718785167,313,18,21.062479366974873,21.06292723491788,0.44786794300577526
36,21.178240017965436,245,214,21.179178373439015,21.17939553409815,0.217160659133242
37,21.51956113614142,24,364,21.520372886054115,21.52071665227413,0.3437662200163061
38,22.844829553738236,11,242,22.845488902199072,22.84598506987095,0.4961676718764352
39,24.345077887177467,65,414,24.345488902199072,24.34623340331018,0.7445011111073541
40,25.748011330142617,117,163,25.748718808728192,25.74916684627533,0.4480375471374032
41,26.220816038548946,13,54,26.221130619796345,26.22197155468166,0.8409348853142262
42,26.35516982153058,92,18,26.355784869316032,26.356325337663293,0.5404683472605143
43,26.709052249789238,18,396,26.709642763661268,26.71020776592195,0.5650022606822347
44,27.23340159840882,2,9,27.23417347274098,27.23455711454153,0.38364180054983876
45,27.40862976014614,9,39,27.409635095663152,27.409785276278853,0.15018061570160057
46,28.908955473452806,78,511,28.909635095663152,28.91011098958552,0.4758939223670211
47,28.95361267030239,48,74,28.953786756866833,28.954768186435103,0.9814295682701868
48,29.086566446349025,50,45,29.08761531853289,29.087721962481737,0.1066439488468518
49,29.20101667381823,80,402,29.201203163782957,29.202172189950943,0.969026167986442
50,29.29191103577614,132,5,29.292886453912942,29.29306655190885,0.180097995908568
51,29.325342131778598,7,75,29.3257907788362,29.32649764791131,0.7068690751097506
52,29.46208230778575,140,29,29.462762399756645,29.463237823918462,0.4754241618165622
53,29.696066049858928,20,225,29.696831910417085,29.69722156599164,0.3896555745548369
54,31.096891479566693,109,66,31.097559066365303,31.098046995699406,0.487929334102688
55,31.490144161507487,10,412,31.491231229914508,31.4912996776402,0.06844772569181146
56,31.98113532178104,23,452,31.981391919501156,31.98229083791375,0.898918412595151
57,32.19523183815181,622,254,32.195326218961235,32.196387354284525,1.0611353232903298
58,32.28785956278443,8,19,32.28857832560717,32.289015078917146,0.4367533099767229
59,32.702650582417846,16,60,32.70328939381293,32.70380609855056,0.5167047376275491
60,33.35339632630348,37,195,33.354457865716135,33.354551842436194,0.09397672005917457
61,33.39880008250475,19,398,33.398914742423294,33.39995559863746,1.040856214167718
62,33.92243640869856,100,123,33.922892482643,33.92359192483127,0.6994421882708934
63,34.03968261741102,82,334,34.04070510200301,34.04083813354373,0.13303154072019652
64,34.62564604356885,18,187,34.626280350804066,34.62680155970156,0.5212088974957396
65,34.84560510702431,15,2,34.84579745250026,34.846760623157024,0.9631706567674314
66,34.92514876648784,7,69,34.92562950396441,34.92630428262055,0.6747786561405178
67,35.00050971284509,2,53,35.00116979545635,35.0016652289778,0.49543352145065
68,35.786187486723065,139,89,35.78670344874929,35.78734300285578,0.6395541064847521
69,36.174715742468834,10,85,36.17525861826701,36.175871258601546,0.612640334537673
70,36.21925528906286,21,89,36.21996980165578,36.22041080519557,0.44100353979104057
71,37.39898799918592,14,512,37.399028188229444,37.40014351531863,1.1153270891881562
72,37.56070292182267,54,69,37.56095660391584,37.56185843795538,0.9018340395385849
73,37.72437654621899,40,313,37.725193366299614,37.725532062351704,0.33869605208991516
74,37.72585950233042,47,198,37.72650155985043,37.727015018463135,0.5134586127013563
75,37.903847590088844,344,93,37.9049246265781,37.90500310622156,0.07847964345586433
76,38.31482336297631,5,78,38.31522214983696,38.315978879109025,0.7567292720622731
77,39.454708559438586,6,89,39.45583694565115,39.4558640755713,0.027129920148638575
78,39.6331934183836,10,6,39.63335860970347,39.63434893451631,0.9903248128395603
79,39.97686427086592,27,344,39.97762685732234,39.97801978699863,0.39292967628767883
80,40.01921582967043,105,189,40.01929774458107,40.02037134580314,1.0736012220746716
81,40.59958087652922,693,42,40.59982940737967,40.60073639266193,0.9069852822563007
82,40.778007727116346,30,65,40.77818042368371,40.77916324324906,0.9828195653511784
83,41.01303376443684,15,229,41.013680239766735,41.01418928056955,0.5090408028181059
84,41.170793717727065,140,15,41.171580897765246,41.17194923385978,0.3683360945316849
85,42.02386769466102,25,118,42.0243397572977,42.025023210793734,0.683453496030495
86,43.524355286732316,66,425,43.5243397572977,43.52551080286503,1.1710455673252795
87,43.59810025431216,10,244,43.59857616484305,43.59925577044487,0.6796056018174568
88,43.89764280617237,14,23,43.89855923826552,43.89879832230508,0.23908403956340862
89,43.95470389164984,19,161,43.95508295066334,43.955859407782555,0.776457119215479
90,44.648034485056996,24,325,44.6490257434417,44.64919000118971,0.16425774801120951
91,45.8371843136847,89,408,45.83779879145625,45.838339829817414,0.5410383611632597
92,45.90452234260738,14,96,45.905217386596576,45.90567785874009,0.4604721435157444
93,46.47830248251557,25,58,46.47908685597486,46.479457998648286,0.371142673422753
94,46.659199913963675,383,7,46.66025152126095,46.66035543009639,0.10390883543465179
95,46.958883970975876,120,2,46.959284654727036,46.96003948710859,0.7548323815527169
96,47.38320049829781,12,72,47.3839472315393,47.38435601443052,0.4087828912204827
97,47.625941734761,17,362,47.62637299691613,47.62709725089371,0.724253977580247
98,48.153020583093166,52,512,48.15317900571761,48.15417609922588,0.9970935082677101
99,48.35056261345744,69,41,48.350992218341894,48.351718129590154,0.7259112482600472
100,48.69344741106033,327,57,48.6936343178659,48.694602927193046,0.9686093271454865
101,48.9139801915735,10,73,48.914297812144746,48.91513570770621,0.8378955614674055
102,49.18896686471999,13,253,49.189821538913115,49.1901223808527,0.30084193958401784
103,49.265737073495984,46,512,49.266593456933194,49.266892589628696,0.2991326955026352
104,49.4877262506634,24,911,49.48801654308367,49.48888176679611,0.865223712445129
105,49.546466993167996,13,257,49.54675877877633,49.54762250930071,0.8637305243794913
106,50.031633326783776,68,120,50.03201689070647,50.03278884291649,0.7719522100160248
107,50.301614889875054,12,305,50.301763947901826,50.30277040600777,1.0064581059410216
108,50.571860222145915,13,512,50.57277605341422,50.57301573827863,0.2396848644039551
109,51.71074321679771,19,118,51.711248160406235,51.71189873293042,0.6505725241865434
110,51.795925138518214,13,462,51.796238814372465,51.79708065465093,0.8418402784613477
111,52.17273013480008,128,392,52.172890866850665,52.17388565093279,0.9947840821240561
112,52.64314757473767,84,215,52.643512219178966,52.64430309087038,0.790871691414452
113,53.14179319143295,8,115,53.14237085460397,53.142948707565665,0.5778529616975447
114,53.85681557096541,22,512,53.85709708557901,53.85797108709812,0.8740015191150974
115,54.0758261103183,225,119,54.07651992835047,54.076981626451015,0.46169810054408345
116,55.37154338136315,102,58,55.37258842741372,55.372698897495866,0.11047008214859488
117,55.923026790842414,48,362,55.923428673118124,55.924182306975126,0.7536338570020007
118,55.96159112639725,15,19,55.962337050052355,55.962746642529964,0.40959247760952167
119,56.42717186547816,3,12,56.427457270940614,56.42832738161087,0.8701106702559969
120,56.79055660031736,29,401,56.7913099695091,56.79171211645007,0.4021469409707379
121,58.15941967815161,10,25,58.159906143101246,58.16057519428432,0.669051183074032
122,58.80551473237574,3,10,58.806520165114975,58.80667024850845,0.15008339347843958
123,59.36602761410177,83,248,59.36667579660106,59.36718313023448,0.5073336334220357
124,59.932758590206504,22,432,59.933665710758916,59.933914106339216,0.24839558030009812
125,60.550256149843335,272,232,60.55037176518759,60.55141166597605,1.0399007884558387
126,60.845750618726015,7,197,60.846583113730205,60.84690613485873,0.3230211285227824
127,61.18450044468045,123,512,61.18481701986551,61.185655960813165,0.8389409476521337
128,61.56325369887054,12,381,61.563468239372106,61.56440921500325,0.9409756311455908
129,61.5730551853776,26,512,61.573600416806435,61.57421070151031,0.6102847038746972
130,61.92998827248812,12,282,61.9307519486272,61.93114378862083,0.391839993632459
131,62.205197904258966,43,513,62.20565001654581,62.20635342039168,0.7034038458684222
132,62.48428985103965,11,252,62.484514733714725,62.48544536717236,0.9306334576351105
133,62.898723205551505,3,38,62.899358964135935,62.89987872168422,0.5197575482824845
134,63.42597562260926,45,512,63.42687742732396,63.42713113874197,0.2537114180114486
135,63.673995438963175,28,280,63.67422225620766,63.67515095509589,0.9286988882237779
136,64.10075649060309,3,7,64.1015359678783,64.1019120067358,0.3760388574960416
137,64.23511666059494,7,10,64.2356227887478,64.23627217672765,0.6493879798483704
138,65.73549959436059,12,404,65.7356227887478,65.7366551104933,1.032321745498166
139,66.28003277257085,17,345,66.28061054896332,66.28118828870356,0.5777397402368933
140,66.88204031437635,26,64,66.88234666687197,66.88319583050907,0.8491636370990818
141,67.55224448442459,14,511,67.55262522404622,67.5534000005573,0.774776511079267
142,67.56582524999976,9,39,67.56608581679077,67.56698076613247,0.8949493416992027
143,67.66187556274235,182,27,67.66294437406556,67.66303107887506,0.08670480950456749
144,67.90030143596232,466,330,67.90080015237585,67.90145695209503,0.6567997191808672
145,68.18963791057467,9,8,68.19014874296842,68.19079342670739,0.6446837389688653
146,68.44354114681482,165,831,68.44373052330471,68.44469666294754,0.9661396428271019
147,68.80855362676084,85,447,68.80882671958081,68.80970914289355,0.8824233127455727
148,69.30191136151552,35,50,69.30267709320623,69.30306687764823,0.3897844420066576
149,69.98861452937126,268,333,69.98905159289222,69.98977004550397,0.7184526117498535
150,70.57893797755241,15,100,70.57933543179466,70.58009349368513,0.7580618904654557
151,70.83963335864246,358,248,70.84011286566044,70.84078887477517,0.6760091147270941
152,71.78378809802234,2,9,71.7844500662055,71.78494361415505,0.4935479495600248
153,72.61730733886361,45,512,72.61829174044959,72.61846285499632,0.17111454673113258
154,74.11723262816668,80,384,74.11829174044959,74.11838814429939,0.09640384979547889
155,74.12426683492959,15,132,74.12508995312892,74.1254223510623,0.33239793337713763
156,74.55493463389575,3,42,74.55592997900983,74.55609015002847,0.1601710186349692
157,74.65141274221241,16,321,74.65154061606562,74.65256825834513,1.0276422795101325
158,75.63925107382238,10,277,75.64004660609473,75.64040658995509,0.3599838603633998
159,77.08624587394297,10,207,77.08647928388807,77.08740139007568,0.922106187616123
160,77.63816414959729,33,131,77.63826825585188,77.63931966573,1.0514098781158054
161,77.83240903168917,58,820,77.83297419323752,77.83356454782188,0.5903545843608526
162,78.86328337341547,46,343,78.86354880471073,78.86443888954818,0.8900848374508996
163,79.22195212543011,12,267,79.22208482329398,79.22310764156282,1.022818268836545
164,79.81667171418667,244,80,79.81693312469154,79.81782723031938,0.8941056278359838
165,79.92212475836277,19,325,79.92224792988019,79.92328027449548,1.0323446152966653
166,79.97853587567806,47,1,79.97891632345045,79.97969139181077,0.7750683603262587
167,80.88047150708735,10,129,80.88114046720209,80.88162702322006,0.48655601797520376
168,81.85995644703507,15,97,81.86017880735905,81.86111196316779,0.9331558087382064
169,82.09749042242765,6,1,82.09835920484655,82.09864593856037,0.28673371382126334
170,82.14117379300296,8,18,82.1418721478306,82.14232930913568,0.45716130507855723
171,82.31818826310337,10,347,82.3185555399155,82.31934377923608,0.7882393205846938
172,83.52506892569363,86,287,83.52605054632375,83.52622444182634,0.17389550259849784
173,83.64962953142822,219,56,83.65017920164432,83.65078504756093,0.6058459166098373
174,84.34153074584901,20,183,84.34229781408817,84.34268626198173,0.38844789355607645
175,84.52937546558678,87,36,84.53042884793349,84.5305309817195,0.10213378600099077
176,85.96837772801518,9,209,85.96905066913904,85.9695332441479,0.4825750088599534
177,86.1763330437243,11,178,86.1773104615684,86.17748855985701,0.1780982886145921
178,87.66499977745116,293,221,87.66454481388612,87.66615529358387,1.610479697745859
179,88.01688848249614,6,14,88.0174611400853,88.01804399862885,0.5828585435523337
180,88.02108605019748,19,25,88.02168261153322,88.0222415663302,0.5589547969719888
181,88.27224253490567,64,56,88.27246111928264,88.27339805103838,0.936931755745718
182,88.5483999941498,96,87,88.54944222629638,88.54955551028252,0.11328398613841273
183,88.63064687512815,60,512,88.63163901582278,88.63180239126086,0.16337543807765087
184,88.67576258815825,10,75,88.67641376607263,88.67691810429096,0.5043382183345102
185,89.08604962192476,27,30,89.08626323626828,89.08720513805747,0.9419017891900694
186,89.73388143070042,14,79,89.73431543119989,89.73503694683313,0.7215156332449624
187,90.39228172414005,19,11,90.39305895963531,90.39343724027276,0.37828063744882456
188,90.59023242630064,7,10,90.59037641291084,90.59138794243336,1.0115295225148202
189,90.68849882110953,5,39,90.68930452503868,90.68965433724225,0.3498122035665574
190,90.9951767269522,85,93,90.99541630845918,90.99633224308491,0.9159346257234802
191,91.63134061358869,263,512,91.63215269935863,91.6324961297214,0.3434303627756208
192,91.75068427808583,16,339,91.751689745696,91.75183979421854,0.1500485225420789
193,92.83958126045763,6,54,92.83982445320284,92.84073677659035,0.9123233875101278
194,94.33892447501421,3,6,94.33982445320284,94.34007999114692,0.25553794408494923
195,94.54642031155527,39,185,94.54696630240693,94.54757582768798,0.6095252810496277
196,94.62550293467939,235,292,94.62573203549579,94.6266584508121,0.9264153163144329
197,95.02708226628602,36,76,95.02777569620655,95.02823778241873,0.4620862121811342
198,95.1112246774137,5,25,95.11132257404579,95.11238019354641,1.0576195006279931
199,96.24067695811391,52,160,96.24090072994018,96.24183247424662,0.9317443064418285
200,96.68673900701106,13,431,96.68682459054322,96.68789452314377,1.069932600543666
201,96.9537209738046,87,165,96.9544930520462,96.9548764899373,0.38343789110228954
202,97.92170753516257,12,284,97.92221626080105,97.92286305129528,0.6467904942297764
203,98.66598071157932,309,62,98.66697208391817,98.66713622771204,0.1641437938673107
204,99.34556726366282,40,843,99.34607569212378,99.34672277979553,0.6470876717514784
205,99.39761617407203,9,182,99.398446279008,99.39877169020474,0.325411196740788
206,99.6333264298737,13,386,99.63369336566977,99.63448194600642,0.7885803366463051
207,99.8432991374284,57,512,99.84372582333836,99.84445465356112,0.7288302227550503
208,100.82776791974902,2,9,100.82860605258583,100.82892343588173,0.3173832959078027
209,100.97770777903497,88,388,100.9783404613586,100.97886329516768,0.5228338090859097
210,101.03527927398682,28,61,101.03609857299021,101.03643479011953,0.3362171293161964
211,101.33206393010914,23,203,101.33239277041974,101.33321944624186,0.8266758221111559
212,101.51445080153644,31,111,101.51480814403182,101.51560631766915,0.7981736373352533
213,102.05114314891398,30,512,102.05211057588433,102.05229866504669,0.18808916236423556
214,102.2828017231077,14,171,102.2836868748223,102.28395723924041,0.2703644181138998
215,102.34847282245755,68,1,102.3494013882743,102.34962833859026,0.22695031596242643
216,102.90033783763647,6,44,102.90103090644641,102.90149335376918,0.4624473227750059
217,104.25504407845438,555,37,104.25563482492312,104.25619959458709,0.564769663967013
218,104.84607679583132,936,37,104.84683481570187,104.84723231196404,0.3974962621668965
219,105.2653616219759,311,353,105.26639976145351,105.26651713810861,0.11737665509770068
220,105.30311037227511,18,117,105.30380642336601,105.30426588840783,0.4594650418141555
221,105.4143915977329,15,94,105.4152758623664,105.41554711386561,0.27125149921403136
222,105.96168774180114,60,396,105.96193085826538,105.96284325793386,0.9123996684792246
223,107.41171782650054,5,32,107.41185124949119,107.41287334263325,1.022093142054814
224,107.73355206847191,12,295,107.73464857797536,107.73470758460462,0.059006629257396526
225,109.23440162278712,15,436,109.23464857797536,109.23555713891983,0.9085609444667853
226,109.29141551069915,111,743,109.29187328005504,109.29257102683187,0.6977467768223278
227,109.45700017362833,18,512,109.4571730355349,109.45815568976104,0.9826542261492932
228,109.62909429892898,29,248,109.62952159222482,109.63024981506169,0.7282228368694632
229,110.20692520588636,2,8,110.20720458269857,110.20808072201908,0.8761393205105605
230,110.43427013233304,15,382,110.43446625298188,110.43542564846575,0.9593954838749141
231,110.96546238660812,84,405,110.96647917984721,110.96661790274084,0.13872289362382162
232,110.99479560181499,60,227,110.9949684067386,110.9959511179477,0.9827112091045365
233,111.5539838001132,22,269,111.55413314922896,111.55513931624591,1.006167016953441
234,112.18914962746203,17,223,112.19006170968572,112.19030514359474,0.24343390902004103
235,112.29231173358858,695,190,112.29304742462533,112.29346724972129,0.4198250959603911
236,112.38171035423875,28,88,112.38275833261656,112.38286587037146,0.10753775490002226
237,112.64723076485097,63,161,112.6475656067231,112.64838628098369,0.8206742605807449
238,112.96349797770381,179,410,112.96370298773485,112.96465349383652,0.9505061016739091
239,113.28405212424695,7,195,113.28463395216764,113.28520764037967,0.5736882120288556
240,114.78425409458578,2,9,114.78463395216764,114.78540961071849,0.7756585508502667
241,114.85692344605923,33,11,114.85795793127308,114.85807896219194,0.12103091886217499
242,115.35479501821101,125,189,115.35541533446224,115.35595053434372,0.5351998814830949
243,115.71409061737359,190,191,115.71483316775246,115.7152461335063,0.4129657538385345
244,116.2013959698379,243,40,116.20230554102032,116.20255148597062,0.2459449502936195
245,116.37136127054691,12,27,116.37178463864574,116.37251678667963,0.732148033890212
246,117.08444217033684,92,512,117.08512507040409,117.08559768646955,0.4726160654655587
247,117.94703105092049,5,23,117.9471531517686,117.9481865670532,1.0334152845956623
248,117.95701603777707,20,141,117.95791090409419,117.95817155390978,0.26064981558704403
249,118.1711220536381,20,511,118.17123882900307,118.17227756977081,1.0387407677399096
250,118.1722597014159,948,65,118.17314801789351,118.17341521754861,0.26719965509869326
251,118.62079725414515,38,609,118.62150967925308,118.62195277027786,0.44309102477768647
252,119.31397539749742,51,404,119.31457772288232,119.31513091363013,0.553190747808685
253,119.57260537706316,560,474,119.5737102066775,119.57376089319587,0.05068651836381832
254,121.07302781753242,4,45,121.0737102066775,121.07418333366513,0.47312698762880245
255,121.81929376907647,9,249,121.82030521504689,121.82044928520918,0.14407016229256442
