kind,tp,case,repeat_index,metric,status,old_ms,new_ms,delta_ms,delta_pct
mlp,1,8,1,add,matched,0.001552,0.000000,-0.001552,-100.00
mlp,1,8,1,attn_post_proj,matched,0.015728,0.010000,-0.005728,-36.42
mlp,1,8,1,attn_pre_proj,matched,0.036576,0.035000,-0.001576,-4.31
mlp,1,8,1,attn_rope,matched,0.004208,0.003000,-0.001208,-28.71
mlp,1,8,1,emb,matched,0.006592,0.004000,-0.002592,-39.32
mlp,1,8,1,input_layernorm,matched,0.003936,0.002000,-0.001936,-49.19
mlp,1,8,1,mlp_act,matched,0.006864,0.004000,-0.002864,-41.72
mlp,1,8,1,mlp_down_proj,matched,0.035952,0.037000,0.001048,2.91
mlp,1,8,1,mlp_up_proj,matched,0.064512,0.063000,-0.001512,-2.34
mlp,1,8,1,post_attention_layernorm,matched,0.003855,0.002000,-0.001855,-48.13
mlp,2,8,1,add,matched,0.001409,0.000000,-0.001409,-100.00
mlp,2,8,1,attn_post_proj,matched,0.009344,0.006000,-0.003344,-35.79
mlp,2,8,1,attn_pre_proj,matched,0.021152,0.020000,-0.001152,-5.45
mlp,2,8,1,attn_rope,matched,0.003072,0.002000,-0.001072,-34.90
mlp,2,8,1,emb,matched,0.006431,0.043000,0.036569,568.64
mlp,2,8,1,input_layernorm,matched,0.003872,0.002000,-0.001872,-48.35
mlp,2,8,1,mlp_act,matched,0.003232,0.002000,-0.001232,-38.12
mlp,2,8,1,mlp_down_proj,matched,0.020288,0.021000,0.000712,3.51
mlp,2,8,1,mlp_up_proj,matched,0.033728,0.033000,-0.000728,-2.16
mlp,2,8,1,post_attention_layernorm,matched,0.003856,0.002000,-0.001856,-48.13
mlp,4,8,1,add,matched,0.001376,0.000000,-0.001376,-100.00
mlp,4,8,1,attn_post_proj,matched,0.006240,0.004000,-0.002240,-35.90
mlp,4,8,1,attn_pre_proj,matched,0.014384,0.010000,-0.004384,-30.48
mlp,4,8,1,attn_rope,matched,0.002337,0.001000,-0.001337,-57.20
mlp,4,8,1,emb,matched,0.006336,0.045000,0.038664,610.23
mlp,4,8,1,input_layernorm,matched,0.003824,0.002000,-0.001824,-47.70
mlp,4,8,1,mlp_act,matched,0.002144,0.001000,-0.001144,-53.36
mlp,4,8,1,mlp_down_proj,matched,0.011632,0.007000,-0.004632,-39.82
mlp,4,8,1,mlp_up_proj,matched,0.019279,0.019000,-0.000279,-1.45
mlp,4,8,1,post_attention_layernorm,matched,0.003871,0.002000,-0.001871,-48.34
attention,1,1/256/0/true,1,attn_input_reshape,matched,0.000000,0.000000,0.000000,
attention,1,1/256/0/true,1,attn_kv_cache_save,new_only,,0.003000,,
attention,1,1/256/0/true,1,attn_output_reshape,matched,0.002000,0.000000,-0.002000,-100.00
attention,1,1/256/0/true,1,attn_prefill,matched,0.021000,0.012000,-0.009000,-42.86
attention,1,8/0/128/false,1,attn_decode,matched,0.012000,0.010000,-0.002000,-16.67
attention,1,8/0/128/false,1,attn_input_reshape,matched,0.000000,0.000000,0.000000,
attention,1,8/0/128/false,1,attn_kv_cache_save,new_only,,0.002000,,
attention,1,8/0/128/false,1,attn_output_reshape,matched,0.001000,0.000000,-0.001000,-100.00
attention,2,1/256/0/true,1,attn_input_reshape,matched,0.000000,0.000000,0.000000,
attention,2,1/256/0/true,1,attn_kv_cache_save,new_only,,0.002000,,
attention,2,1/256/0/true,1,attn_output_reshape,matched,0.002000,0.000000,-0.002000,-100.00
attention,2,1/256/0/true,1,attn_prefill,matched,0.017000,0.012000,-0.005000,-29.41
attention,2,8/0/128/false,1,attn_decode,matched,0.009000,0.011000,0.002000,22.22
attention,2,8/0/128/false,1,attn_input_reshape,matched,0.000000,0.000000,0.000000,
attention,2,8/0/128/false,1,attn_kv_cache_save,new_only,,0.002000,,
attention,2,8/0/128/false,1,attn_output_reshape,matched,0.001000,0.000000,-0.001000,-100.00
attention,4,1/256/0/true,1,attn_input_reshape,matched,0.000000,0.000000,0.000000,
attention,4,1/256/0/true,1,attn_kv_cache_save,new_only,,0.002000,,
attention,4,1/256/0/true,1,attn_output_reshape,matched,0.001000,0.000000,-0.001000,-100.00
attention,4,1/256/0/true,1,attn_prefill,matched,0.015000,0.012000,-0.003000,-20.00
attention,4,8/0/128/false,1,attn_decode,matched,0.009000,0.009000,0.000000,0.00
attention,4,8/0/128/false,1,attn_input_reshape,matched,0.000000,0.000000,0.000000,
attention,4,8/0/128/false,1,attn_kv_cache_save,new_only,,0.001000,,
attention,4,8/0/128/false,1,attn_output_reshape,matched,0.001000,0.000000,-0.001000,-100.00
