,time_stats.send_recv.min,time_stats.send_recv.max,time_stats.send_recv.mean,time_stats.send_recv.median,time_stats.send_recv.std,rank,num_workers,size,collective,devices_per_node,max_devices_per_node
0,0.005,0.005,0.005,0.005,0.0,0,2,2048,send_recv,2,2
1,0.005,0.006,0.005666666666666667,0.006,0.0004714045207910317,0,2,10240,send_recv,2,2
2,0.007,0.007,0.007,0.007,0.0,0,2,18432,send_recv,2,2
3,0.007,0.007,0.007,0.007,0.0,0,2,26624,send_recv,2,2
4,0.007,0.007,0.007,0.007,0.0,0,2,34816,send_recv,2,2
5,0.007,0.007,0.007,0.007,0.0,0,2,43008,send_recv,2,2
6,0.008,0.008,0.008,0.008,0.0,0,2,51200,send_recv,2,2
7,0.008,0.008,0.008,0.008,0.0,0,2,59392,send_recv,2,2
8,0.008,0.008,0.008,0.008,0.0,0,2,67584,send_recv,2,2
9,0.008,0.008,0.008,0.008,0.0,0,2,75776,send_recv,2,2
10,0.008,0.008,0.008,0.008,0.0,0,2,83968,send_recv,2,2
11,0.008,0.008,0.008,0.008,0.0,0,2,92160,send_recv,2,2
12,0.008,0.008,0.008,0.008,0.0,0,2,100352,send_recv,2,2
13,0.008,0.009000000000000001,0.008666666666666668,0.009000000000000001,0.00047140452079103207,0,2,108544,send_recv,2,2
14,0.008,0.009000000000000001,0.008666666666666668,0.009000000000000001,0.00047140452079103207,0,2,116736,send_recv,2,2
15,0.008,0.008,0.008,0.008,0.0,0,2,124928,send_recv,2,2
16,0.008,0.008,0.008,0.008,0.0,0,2,133120,send_recv,2,2
17,0.008,0.008,0.008,0.008,0.0,0,2,141312,send_recv,2,2
18,0.008,0.008,0.008,0.008,0.0,0,2,149504,send_recv,2,2
19,0.008,0.008,0.008,0.008,0.0,0,2,157696,send_recv,2,2
20,0.008,0.008,0.008,0.008,0.0,0,2,165888,send_recv,2,2
21,0.008,0.009000000000000001,0.008666666666666668,0.009000000000000001,0.00047140452079103207,0,2,174080,send_recv,2,2
22,0.008,0.009000000000000001,0.008666666666666668,0.009000000000000001,0.00047140452079103207,0,2,182272,send_recv,2,2
23,0.008,0.009000000000000001,0.008666666666666668,0.009000000000000001,0.00047140452079103207,0,2,190464,send_recv,2,2
24,0.008,0.009000000000000001,0.008333333333333333,0.008,0.00047140452079103207,0,2,198656,send_recv,2,2
25,0.008,0.009000000000000001,0.008333333333333333,0.008,0.00047140452079103207,0,2,206848,send_recv,2,2
26,0.008,0.009000000000000001,0.008333333333333333,0.008,0.00047140452079103207,0,2,215040,send_recv,2,2
27,0.008,0.008,0.008,0.008,0.0,0,2,223232,send_recv,2,2
28,0.008,0.009000000000000001,0.008333333333333333,0.008,0.00047140452079103207,0,2,231424,send_recv,2,2
29,0.009000000000000001,0.009000000000000001,0.009000000000000001,0.009000000000000001,0.0,0,2,239616,send_recv,2,2
30,0.009000000000000001,0.009000000000000001,0.009000000000000001,0.009000000000000001,0.0,0,2,247808,send_recv,2,2
31,0.009000000000000001,0.009000000000000001,0.009000000000000001,0.009000000000000001,0.0,0,2,256000,send_recv,2,2
32,0.008,0.009000000000000001,0.008666666666666668,0.009000000000000001,0.00047140452079103207,0,2,264192,send_recv,2,2
33,0.009000000000000001,0.009000000000000001,0.009000000000000001,0.009000000000000001,0.0,0,2,272384,send_recv,2,2
34,0.008,0.009000000000000001,0.008333333333333333,0.008,0.00047140452079103207,0,2,280576,send_recv,2,2
35,0.008,0.008,0.008,0.008,0.0,0,2,288768,send_recv,2,2
36,0.008,0.008,0.008,0.008,0.0,0,2,296960,send_recv,2,2
37,0.009000000000000001,0.009000000000000001,0.009000000000000001,0.009000000000000001,0.0,0,2,305152,send_recv,2,2
38,0.009000000000000001,0.009000000000000001,0.009000000000000001,0.009000000000000001,0.0,0,2,313344,send_recv,2,2
39,0.009000000000000001,0.009000000000000001,0.009000000000000001,0.009000000000000001,0.0,0,2,321536,send_recv,2,2
40,0.009000000000000001,0.009000000000000001,0.009000000000000001,0.009000000000000001,0.0,0,2,329728,send_recv,2,2
41,0.009000000000000001,0.009000000000000001,0.009000000000000001,0.009000000000000001,0.0,0,2,337920,send_recv,2,2
42,0.008,0.008,0.008,0.008,0.0,0,2,346112,send_recv,2,2
43,0.008,0.008,0.008,0.008,0.0,0,2,354304,send_recv,2,2
44,0.008,0.009000000000000001,0.008666666666666668,0.009000000000000001,0.00047140452079103207,0,2,362496,send_recv,2,2
45,0.009000000000000001,0.009000000000000001,0.009000000000000001,0.009000000000000001,0.0,0,2,370688,send_recv,2,2
46,0.009000000000000001,0.009000000000000001,0.009000000000000001,0.009000000000000001,0.0,0,2,378880,send_recv,2,2
47,0.008,0.009000000000000001,0.008333333333333333,0.008,0.00047140452079103207,0,2,387072,send_recv,2,2
48,0.008,0.009000000000000001,0.008666666666666668,0.009000000000000001,0.00047140452079103207,0,2,395264,send_recv,2,2
49,0.008,0.009000000000000001,0.008333333333333333,0.008,0.00047140452079103207,0,2,403456,send_recv,2,2
50,0.008,0.009000000000000001,0.008666666666666668,0.009000000000000001,0.00047140452079103207,0,2,411648,send_recv,2,2
51,0.008,0.008,0.008,0.008,0.0,0,2,419840,send_recv,2,2
52,0.009000000000000001,0.009000000000000001,0.009000000000000001,0.009000000000000001,0.0,0,2,428032,send_recv,2,2
53,0.009000000000000001,0.009000000000000001,0.009000000000000001,0.009000000000000001,0.0,0,2,436224,send_recv,2,2
54,0.009000000000000001,0.009000000000000001,0.009000000000000001,0.009000000000000001,0.0,0,2,444416,send_recv,2,2
55,0.009000000000000001,0.009000000000000001,0.009000000000000001,0.009000000000000001,0.0,0,2,452608,send_recv,2,2
56,0.008,0.008,0.008,0.008,0.0,0,2,460800,send_recv,2,2
57,0.008,0.008,0.008,0.008,0.0,0,2,468992,send_recv,2,2
58,0.008,0.008,0.008,0.008,0.0,0,2,477184,send_recv,2,2
59,0.008,0.008,0.008,0.008,0.0,0,2,485376,send_recv,2,2
60,0.009000000000000001,0.009000000000000001,0.009000000000000001,0.009000000000000001,0.0,0,2,493568,send_recv,2,2
61,0.008,0.009000000000000001,0.008666666666666668,0.009000000000000001,0.00047140452079103207,0,2,501760,send_recv,2,2
62,0.008,0.008,0.008,0.008,0.0,0,2,509952,send_recv,2,2
63,0.008,0.009000000000000001,0.008666666666666668,0.009000000000000001,0.00047140452079103207,0,2,518144,send_recv,2,2
64,0.009000000000000001,0.009000000000000001,0.009000000000000001,0.009000000000000001,0.0,0,2,526336,send_recv,2,2
65,0.009000000000000001,0.009000000000000001,0.009000000000000001,0.009000000000000001,0.0,0,2,534528,send_recv,2,2
66,0.008,0.008,0.008,0.008,0.0,0,2,542720,send_recv,2,2
67,0.008,0.009000000000000001,0.008333333333333333,0.008,0.00047140452079103207,0,2,550912,send_recv,2,2
68,0.009000000000000001,0.009000000000000001,0.009000000000000001,0.009000000000000001,0.0,0,2,559104,send_recv,2,2
69,0.009000000000000001,0.009000000000000001,0.009000000000000001,0.009000000000000001,0.0,0,2,567296,send_recv,2,2
70,0.009000000000000001,0.009000000000000001,0.009000000000000001,0.009000000000000001,0.0,0,2,575488,send_recv,2,2
71,0.009000000000000001,0.009000000000000001,0.009000000000000001,0.009000000000000001,0.0,0,2,583680,send_recv,2,2
72,0.009000000000000001,0.009000000000000001,0.009000000000000001,0.009000000000000001,0.0,0,2,591872,send_recv,2,2
73,0.009000000000000001,0.009000000000000001,0.009000000000000001,0.009000000000000001,0.0,0,2,600064,send_recv,2,2
74,0.008,0.008,0.008,0.008,0.0,0,2,608256,send_recv,2,2
75,0.009000000000000001,0.009000000000000001,0.009000000000000001,0.009000000000000001,0.0,0,2,616448,send_recv,2,2
76,0.009000000000000001,0.009000000000000001,0.009000000000000001,0.009000000000000001,0.0,0,2,624640,send_recv,2,2
77,0.008,0.009000000000000001,0.008333333333333333,0.008,0.00047140452079103207,0,2,632832,send_recv,2,2
78,0.008,0.009000000000000001,0.008333333333333333,0.008,0.00047140452079103207,0,2,641024,send_recv,2,2
79,0.008,0.009000000000000001,0.008333333333333333,0.008,0.00047140452079103207,0,2,649216,send_recv,2,2
80,0.009000000000000001,0.009000000000000001,0.009000000000000001,0.009000000000000001,0.0,0,2,657408,send_recv,2,2
81,0.008,0.009000000000000001,0.008333333333333333,0.008,0.00047140452079103207,0,2,665600,send_recv,2,2
82,0.009000000000000001,0.009000000000000001,0.009000000000000001,0.009000000000000001,0.0,0,2,673792,send_recv,2,2
83,0.009000000000000001,0.009000000000000001,0.009000000000000001,0.009000000000000001,0.0,0,2,681984,send_recv,2,2
84,0.008,0.009000000000000001,0.008333333333333333,0.008,0.00047140452079103207,0,2,690176,send_recv,2,2
85,0.008,0.008,0.008,0.008,0.0,0,2,698368,send_recv,2,2
86,0.008,0.008,0.008,0.008,0.0,0,2,706560,send_recv,2,2
87,0.008,0.008,0.008,0.008,0.0,0,2,714752,send_recv,2,2
88,0.008,0.009000000000000001,0.008666666666666668,0.009000000000000001,0.00047140452079103207,0,2,722944,send_recv,2,2
89,0.008,0.008,0.008,0.008,0.0,0,2,731136,send_recv,2,2
90,0.009000000000000001,0.009000000000000001,0.009000000000000001,0.009000000000000001,0.0,0,2,739328,send_recv,2,2
91,0.009000000000000001,0.009000000000000001,0.009000000000000001,0.009000000000000001,0.0,0,2,747520,send_recv,2,2
92,0.009000000000000001,0.009000000000000001,0.009000000000000001,0.009000000000000001,0.0,0,2,755712,send_recv,2,2
93,0.009000000000000001,0.009000000000000001,0.009000000000000001,0.009000000000000001,0.0,0,2,763904,send_recv,2,2
94,0.009000000000000001,0.009000000000000001,0.009000000000000001,0.009000000000000001,0.0,0,2,772096,send_recv,2,2
95,0.009000000000000001,0.009000000000000001,0.009000000000000001,0.009000000000000001,0.0,0,2,780288,send_recv,2,2
96,0.009000000000000001,0.009000000000000001,0.009000000000000001,0.009000000000000001,0.0,0,2,788480,send_recv,2,2
97,0.009000000000000001,0.009000000000000001,0.009000000000000001,0.009000000000000001,0.0,0,2,796672,send_recv,2,2
98,0.009000000000000001,0.009000000000000001,0.009000000000000001,0.009000000000000001,0.0,0,2,804864,send_recv,2,2
99,0.009000000000000001,0.009000000000000001,0.009000000000000001,0.009000000000000001,0.0,0,2,813056,send_recv,2,2
100,0.009000000000000001,0.009000000000000001,0.009000000000000001,0.009000000000000001,0.0,0,2,821248,send_recv,2,2
101,0.009000000000000001,0.009000000000000001,0.009000000000000001,0.009000000000000001,0.0,0,2,829440,send_recv,2,2
102,0.009000000000000001,0.009000000000000001,0.009000000000000001,0.009000000000000001,0.0,0,2,837632,send_recv,2,2
103,0.01,0.01,0.01,0.01,0.0,0,2,845824,send_recv,2,2
104,0.01,0.01,0.01,0.01,0.0,0,2,854016,send_recv,2,2
105,0.01,0.01,0.01,0.01,0.0,0,2,862208,send_recv,2,2
106,0.009000000000000001,0.009000000000000001,0.009000000000000001,0.009000000000000001,0.0,0,2,870400,send_recv,2,2
107,0.009000000000000001,0.01,0.009666666666666669,0.01,0.0004714045207910313,0,2,878592,send_recv,2,2
108,0.009000000000000001,0.01,0.009333333333333334,0.009000000000000001,0.00047140452079103126,0,2,886784,send_recv,2,2
109,0.009000000000000001,0.01,0.009333333333333334,0.009000000000000001,0.00047140452079103126,0,2,894976,send_recv,2,2
110,0.01,0.01,0.01,0.01,0.0,0,2,903168,send_recv,2,2
111,0.01,0.01,0.01,0.01,0.0,0,2,911360,send_recv,2,2
112,0.009000000000000001,0.01,0.009666666666666669,0.01,0.0004714045207910313,0,2,919552,send_recv,2,2
113,0.009000000000000001,0.009000000000000001,0.009000000000000001,0.009000000000000001,0.0,0,2,927744,send_recv,2,2
114,0.009000000000000001,0.01,0.009333333333333334,0.009000000000000001,0.00047140452079103126,0,2,935936,send_recv,2,2
115,0.01,0.01,0.01,0.01,0.0,0,2,944128,send_recv,2,2
116,0.01,0.01,0.01,0.01,0.0,0,2,952320,send_recv,2,2
117,0.01,0.01,0.01,0.01,0.0,0,2,960512,send_recv,2,2
118,0.01,0.01,0.01,0.01,0.0,0,2,968704,send_recv,2,2
119,0.01,0.01,0.01,0.01,0.0,0,2,976896,send_recv,2,2
120,0.009000000000000001,0.009000000000000001,0.009000000000000001,0.009000000000000001,0.0,0,2,985088,send_recv,2,2
121,0.009000000000000001,0.009000000000000001,0.009000000000000001,0.009000000000000001,0.0,0,2,993280,send_recv,2,2
122,0.009000000000000001,0.009000000000000001,0.009000000000000001,0.009000000000000001,0.0,0,2,1001472,send_recv,2,2
123,0.009000000000000001,0.01,0.009333333333333334,0.009000000000000001,0.00047140452079103126,0,2,1009664,send_recv,2,2
124,0.009000000000000001,0.009000000000000001,0.009000000000000001,0.009000000000000001,0.0,0,2,1017856,send_recv,2,2
125,0.009000000000000001,0.009000000000000001,0.009000000000000001,0.009000000000000001,0.0,0,2,1026048,send_recv,2,2
126,0.009000000000000001,0.009000000000000001,0.009000000000000001,0.009000000000000001,0.0,0,2,1034240,send_recv,2,2
127,0.009000000000000001,0.009000000000000001,0.009000000000000001,0.009000000000000001,0.0,0,2,1042432,send_recv,2,2
128,0.009000000000000001,0.009000000000000001,0.009000000000000001,0.009000000000000001,0.0,0,2,1048576,send_recv,2,2
129,0.011,0.011,0.011000000000000001,0.011,1.734723475976807e-18,0,2,1081344,send_recv,2,2
130,0.011,0.011,0.011000000000000001,0.011,1.734723475976807e-18,0,2,1114112,send_recv,2,2
131,0.01,0.01,0.01,0.01,0.0,0,2,1146880,send_recv,2,2
132,0.011,0.011,0.011000000000000001,0.011,1.734723475976807e-18,0,2,1179648,send_recv,2,2
133,0.011,0.011,0.011000000000000001,0.011,1.734723475976807e-18,0,2,1212416,send_recv,2,2
134,0.01,0.01,0.01,0.01,0.0,0,2,1245184,send_recv,2,2
135,0.01,0.011,0.010666666666666666,0.011,0.00047140452079103126,0,2,1277952,send_recv,2,2
136,0.01,0.011,0.010333333333333333,0.01,0.00047140452079103126,0,2,1310720,send_recv,2,2
137,0.01,0.01,0.01,0.01,0.0,0,2,1343488,send_recv,2,2
138,0.011,0.011,0.011000000000000001,0.011,1.734723475976807e-18,0,2,1376256,send_recv,2,2
139,0.011,0.011,0.011000000000000001,0.011,1.734723475976807e-18,0,2,1409024,send_recv,2,2
140,0.011,0.011,0.011000000000000001,0.011,1.734723475976807e-18,0,2,1441792,send_recv,2,2
141,0.011,0.011,0.011000000000000001,0.011,1.734723475976807e-18,0,2,1474560,send_recv,2,2
142,0.011,0.011,0.011000000000000001,0.011,1.734723475976807e-18,0,2,1507328,send_recv,2,2
143,0.012,0.012,0.012000000000000002,0.012,1.734723475976807e-18,0,2,1540096,send_recv,2,2
144,0.012,0.012,0.012000000000000002,0.012,1.734723475976807e-18,0,2,1572864,send_recv,2,2
145,0.012,0.012,0.012000000000000002,0.012,1.734723475976807e-18,0,2,1605632,send_recv,2,2
146,0.012,0.012,0.012000000000000002,0.012,1.734723475976807e-18,0,2,1638400,send_recv,2,2
147,0.012,0.012,0.012000000000000002,0.012,1.734723475976807e-18,0,2,1671168,send_recv,2,2
148,0.012,0.013000000000000001,0.012333333333333335,0.012,0.00047140452079103207,0,2,1703936,send_recv,2,2
149,0.013000000000000001,0.013000000000000001,0.013000000000000003,0.013000000000000001,1.734723475976807e-18,0,2,1736704,send_recv,2,2
150,0.013000000000000001,0.013000000000000001,0.013000000000000003,0.013000000000000001,1.734723475976807e-18,0,2,1769472,send_recv,2,2
151,0.013000000000000001,0.013000000000000001,0.013000000000000003,0.013000000000000001,1.734723475976807e-18,0,2,1802240,send_recv,2,2
152,0.013000000000000001,0.013000000000000001,0.013000000000000003,0.013000000000000001,1.734723475976807e-18,0,2,1835008,send_recv,2,2
153,0.013000000000000001,0.013000000000000001,0.013000000000000003,0.013000000000000001,1.734723475976807e-18,0,2,1867776,send_recv,2,2
154,0.013000000000000001,0.013000000000000001,0.013000000000000003,0.013000000000000001,1.734723475976807e-18,0,2,1900544,send_recv,2,2
155,0.013000000000000001,0.013000000000000001,0.013000000000000003,0.013000000000000001,1.734723475976807e-18,0,2,1933312,send_recv,2,2
156,0.013000000000000001,0.013000000000000001,0.013000000000000003,0.013000000000000001,1.734723475976807e-18,0,2,1966080,send_recv,2,2
157,0.013000000000000001,0.013000000000000001,0.013000000000000003,0.013000000000000001,1.734723475976807e-18,0,2,1998848,send_recv,2,2
158,0.013000000000000001,0.013000000000000001,0.013000000000000003,0.013000000000000001,1.734723475976807e-18,0,2,2031616,send_recv,2,2
159,0.013000000000000001,0.013000000000000001,0.013000000000000003,0.013000000000000001,1.734723475976807e-18,0,2,2064384,send_recv,2,2
160,0.012,0.013000000000000001,0.012666666666666668,0.013000000000000001,0.00047140452079103207,0,2,2097152,send_recv,2,2
161,0.013000000000000001,0.014,0.013666666666666667,0.014,0.00047140452079103126,0,2,2129920,send_recv,2,2
162,0.014,0.014,0.014,0.014,0.0,0,2,2162688,send_recv,2,2
163,0.013000000000000001,0.013000000000000001,0.013000000000000003,0.013000000000000001,1.734723475976807e-18,0,2,2195456,send_recv,2,2
164,0.013000000000000001,0.013000000000000001,0.013000000000000003,0.013000000000000001,1.734723475976807e-18,0,2,2228224,send_recv,2,2
165,0.013000000000000001,0.013000000000000001,0.013000000000000003,0.013000000000000001,1.734723475976807e-18,0,2,2260992,send_recv,2,2
166,0.014,0.014,0.014,0.014,0.0,0,2,2293760,send_recv,2,2
167,0.013000000000000001,0.014,0.013333333333333336,0.013000000000000001,0.00047140452079103126,0,2,2326528,send_recv,2,2
168,0.013000000000000001,0.014,0.013666666666666667,0.014,0.00047140452079103126,0,2,2359296,send_recv,2,2
169,0.014,0.014,0.014,0.014,0.0,0,2,2392064,send_recv,2,2
170,0.015,0.015,0.015,0.015,0.0,0,2,2424832,send_recv,2,2
171,0.015,0.015,0.015,0.015,0.0,0,2,2457600,send_recv,2,2
172,0.015,0.015,0.015,0.015,0.0,0,2,2490368,send_recv,2,2
173,0.015,0.015,0.015,0.015,0.0,0,2,2523136,send_recv,2,2
174,0.015,0.015,0.015,0.015,0.0,0,2,2555904,send_recv,2,2
175,0.015,0.016,0.015333333333333332,0.015,0.00047140452079103207,0,2,2588672,send_recv,2,2
176,0.015,0.015,0.015,0.015,0.0,0,2,2621440,send_recv,2,2
177,0.016,0.016,0.016,0.016,0.0,0,2,2654208,send_recv,2,2
178,0.016,0.016,0.016,0.016,0.0,0,2,2686976,send_recv,2,2
179,0.015,0.016,0.015333333333333332,0.015,0.00047140452079103207,0,2,2719744,send_recv,2,2
180,0.016,0.016,0.016,0.016,0.0,0,2,2752512,send_recv,2,2
181,0.016,0.016,0.016,0.016,0.0,0,2,2785280,send_recv,2,2
182,0.016,0.016,0.016,0.016,0.0,0,2,2818048,send_recv,2,2
183,0.016,0.016,0.016,0.016,0.0,0,2,2850816,send_recv,2,2
184,0.016,0.016,0.016,0.016,0.0,0,2,2883584,send_recv,2,2
185,0.016,0.016,0.016,0.016,0.0,0,2,2916352,send_recv,2,2
186,0.016,0.016,0.016,0.016,0.0,0,2,2949120,send_recv,2,2
187,0.015,0.015,0.015,0.015,0.0,0,2,2981888,send_recv,2,2
188,0.015,0.015,0.015,0.015,0.0,0,2,3014656,send_recv,2,2
189,0.016,0.016,0.016,0.016,0.0,0,2,3047424,send_recv,2,2
190,0.016,0.016,0.016,0.016,0.0,0,2,3080192,send_recv,2,2
191,0.016,0.016,0.016,0.016,0.0,0,2,3112960,send_recv,2,2
192,0.016,0.016,0.016,0.016,0.0,0,2,3145728,send_recv,2,2
193,0.017,0.017,0.017,0.017,0.0,0,2,3178496,send_recv,2,2
194,0.017,0.018000000000000002,0.017333333333333336,0.017,0.00047140452079103207,0,2,3211264,send_recv,2,2
195,0.017,0.018000000000000002,0.017333333333333336,0.017,0.00047140452079103207,0,2,3244032,send_recv,2,2
196,0.018000000000000002,0.018000000000000002,0.018000000000000002,0.018000000000000002,0.0,0,2,3276800,send_recv,2,2
197,0.018000000000000002,0.018000000000000002,0.018000000000000002,0.018000000000000002,0.0,0,2,3309568,send_recv,2,2
198,0.018000000000000002,0.018000000000000002,0.018000000000000002,0.018000000000000002,0.0,0,2,3342336,send_recv,2,2
199,0.018000000000000002,0.018000000000000002,0.018000000000000002,0.018000000000000002,0.0,0,2,3375104,send_recv,2,2
200,0.018000000000000002,0.018000000000000002,0.018000000000000002,0.018000000000000002,0.0,0,2,3407872,send_recv,2,2
201,0.018000000000000002,0.018000000000000002,0.018000000000000002,0.018000000000000002,0.0,0,2,3440640,send_recv,2,2
202,0.018000000000000002,0.018000000000000002,0.018000000000000002,0.018000000000000002,0.0,0,2,3473408,send_recv,2,2
203,0.018000000000000002,0.018000000000000002,0.018000000000000002,0.018000000000000002,0.0,0,2,3506176,send_recv,2,2
204,0.018000000000000002,0.018000000000000002,0.018000000000000002,0.018000000000000002,0.0,0,2,3538944,send_recv,2,2
205,0.018000000000000002,0.018000000000000002,0.018000000000000002,0.018000000000000002,0.0,0,2,3571712,send_recv,2,2
206,0.018000000000000002,0.018000000000000002,0.018000000000000002,0.018000000000000002,0.0,0,2,3604480,send_recv,2,2
207,0.018000000000000002,0.018000000000000002,0.018000000000000002,0.018000000000000002,0.0,0,2,3637248,send_recv,2,2
208,0.018000000000000002,0.018000000000000002,0.018000000000000002,0.018000000000000002,0.0,0,2,3670016,send_recv,2,2
209,0.018000000000000002,0.019,0.018333333333333337,0.018000000000000002,0.00047140452079103045,0,2,3702784,send_recv,2,2
210,0.018000000000000002,0.019,0.018666666666666668,0.019,0.00047140452079103045,0,2,3735552,send_recv,2,2
211,0.019,0.019,0.019,0.019,0.0,0,2,3768320,send_recv,2,2
212,0.019,0.019,0.019,0.019,0.0,0,2,3801088,send_recv,2,2
213,0.019,0.019,0.019,0.019,0.0,0,2,3833856,send_recv,2,2
214,0.019,0.019,0.019,0.019,0.0,0,2,3866624,send_recv,2,2
215,0.019,0.019,0.019,0.019,0.0,0,2,3899392,send_recv,2,2
216,0.019,0.019,0.019,0.019,0.0,0,2,3932160,send_recv,2,2
217,0.018000000000000002,0.018000000000000002,0.018000000000000002,0.018000000000000002,0.0,0,2,3964928,send_recv,2,2
218,0.018000000000000002,0.018000000000000002,0.018000000000000002,0.018000000000000002,0.0,0,2,3997696,send_recv,2,2
219,0.018000000000000002,0.018000000000000002,0.018000000000000002,0.018000000000000002,0.0,0,2,4030464,send_recv,2,2
220,0.018000000000000002,0.018000000000000002,0.018000000000000002,0.018000000000000002,0.0,0,2,4063232,send_recv,2,2
221,0.018000000000000002,0.018000000000000002,0.018000000000000002,0.018000000000000002,0.0,0,2,4096000,send_recv,2,2
222,0.018000000000000002,0.018000000000000002,0.018000000000000002,0.018000000000000002,0.0,0,2,4128768,send_recv,2,2
223,0.018000000000000002,0.019,0.018666666666666668,0.019,0.00047140452079103045,0,2,4161536,send_recv,2,2
224,0.018000000000000002,0.019,0.018333333333333337,0.018000000000000002,0.00047140452079103045,0,2,4194304,send_recv,2,2
225,0.021,0.021,0.021,0.021,0.0,0,2,4227072,send_recv,2,2
226,0.021,0.021,0.021,0.021,0.0,0,2,4259840,send_recv,2,2
227,0.021,0.021,0.021,0.021,0.0,0,2,4292608,send_recv,2,2
228,0.021,0.021,0.021,0.021,0.0,0,2,4325376,send_recv,2,2
229,0.021,0.021,0.021,0.021,0.0,0,2,4358144,send_recv,2,2
230,0.021,0.021,0.021,0.021,0.0,0,2,4390912,send_recv,2,2
231,0.021,0.021,0.021,0.021,0.0,0,2,4423680,send_recv,2,2
232,0.021,0.021,0.021,0.021,0.0,0,2,4456448,send_recv,2,2
233,0.021,0.021,0.021,0.021,0.0,0,2,4489216,send_recv,2,2
234,0.021,0.021,0.021,0.021,0.0,0,2,4521984,send_recv,2,2
235,0.021,0.021,0.021,0.021,0.0,0,2,4554752,send_recv,2,2
236,0.021,0.021,0.021,0.021,0.0,0,2,4587520,send_recv,2,2
237,0.021,0.021,0.021,0.021,0.0,0,2,4620288,send_recv,2,2
238,0.021,0.021,0.021,0.021,0.0,0,2,4653056,send_recv,2,2
239,0.021,0.022,0.021333333333333333,0.021,0.0004714045207910305,0,2,4685824,send_recv,2,2
240,0.022,0.022,0.022000000000000002,0.022,3.469446951953614e-18,0,2,4718592,send_recv,2,2
241,0.022,0.022,0.022000000000000002,0.022,3.469446951953614e-18,0,2,4751360,send_recv,2,2
242,0.021,0.022,0.021666666666666667,0.022,0.0004714045207910305,0,2,4784128,send_recv,2,2
243,0.022,0.022,0.022000000000000002,0.022,3.469446951953614e-18,0,2,4816896,send_recv,2,2
244,0.022,0.022,0.022000000000000002,0.022,3.469446951953614e-18,0,2,4849664,send_recv,2,2
245,0.022,0.022,0.022000000000000002,0.022,3.469446951953614e-18,0,2,4882432,send_recv,2,2
246,0.022,0.022,0.022000000000000002,0.022,3.469446951953614e-18,0,2,4915200,send_recv,2,2
247,0.021,0.021,0.021,0.021,0.0,0,2,4947968,send_recv,2,2
248,0.02,0.021,0.020666666666666667,0.021,0.00047140452079103207,0,2,4980736,send_recv,2,2
249,0.021,0.021,0.021,0.021,0.0,0,2,5013504,send_recv,2,2
250,0.021,0.021,0.021,0.021,0.0,0,2,5046272,send_recv,2,2
251,0.021,0.021,0.021,0.021,0.0,0,2,5079040,send_recv,2,2
252,0.021,0.021,0.021,0.021,0.0,0,2,5111808,send_recv,2,2
253,0.021,0.021,0.021,0.021,0.0,0,2,5144576,send_recv,2,2
254,0.021,0.021,0.021,0.021,0.0,0,2,5177344,send_recv,2,2
255,0.021,0.021,0.021,0.021,0.0,0,2,5210112,send_recv,2,2
256,0.021,0.021,0.021,0.021,0.0,0,2,5242880,send_recv,2,2
257,0.024,0.024,0.024000000000000004,0.024,3.469446951953614e-18,0,2,5275648,send_recv,2,2
258,0.024,0.024,0.024000000000000004,0.024,3.469446951953614e-18,0,2,5308416,send_recv,2,2
259,0.024,0.024,0.024000000000000004,0.024,3.469446951953614e-18,0,2,5341184,send_recv,2,2
260,0.024,0.024,0.024000000000000004,0.024,3.469446951953614e-18,0,2,5373952,send_recv,2,2
261,0.024,0.024,0.024000000000000004,0.024,3.469446951953614e-18,0,2,5406720,send_recv,2,2
262,0.024,0.024,0.024000000000000004,0.024,3.469446951953614e-18,0,2,5439488,send_recv,2,2
263,0.024,0.024,0.024000000000000004,0.024,3.469446951953614e-18,0,2,5472256,send_recv,2,2
264,0.024,0.024,0.024000000000000004,0.024,3.469446951953614e-18,0,2,5505024,send_recv,2,2
265,0.024,0.024,0.024000000000000004,0.024,3.469446951953614e-18,0,2,5537792,send_recv,2,2
266,0.024,0.024,0.024000000000000004,0.024,3.469446951953614e-18,0,2,5570560,send_recv,2,2
267,0.024,0.024,0.024000000000000004,0.024,3.469446951953614e-18,0,2,5603328,send_recv,2,2
268,0.024,0.024,0.024000000000000004,0.024,3.469446951953614e-18,0,2,5636096,send_recv,2,2
269,0.024,0.025,0.024333333333333335,0.024,0.00047140452079103207,0,2,5668864,send_recv,2,2
270,0.025,0.025,0.025000000000000005,0.025,3.469446951953614e-18,0,2,5701632,send_recv,2,2
271,0.025,0.025,0.025000000000000005,0.025,3.469446951953614e-18,0,2,5734400,send_recv,2,2
272,0.025,0.025,0.025000000000000005,0.025,3.469446951953614e-18,0,2,5767168,send_recv,2,2
273,0.025,0.025,0.025000000000000005,0.025,3.469446951953614e-18,0,2,5799936,send_recv,2,2
274,0.025,0.025,0.025000000000000005,0.025,3.469446951953614e-18,0,2,5832704,send_recv,2,2
275,0.025,0.025,0.025000000000000005,0.025,3.469446951953614e-18,0,2,5865472,send_recv,2,2
276,0.025,0.025,0.025000000000000005,0.025,3.469446951953614e-18,0,2,5898240,send_recv,2,2
277,0.023,0.023,0.023000000000000003,0.023,3.469446951953614e-18,0,2,5931008,send_recv,2,2
278,0.023,0.024,0.023333333333333334,0.023,0.00047140452079103207,0,2,5963776,send_recv,2,2
279,0.024,0.024,0.024000000000000004,0.024,3.469446951953614e-18,0,2,5996544,send_recv,2,2
280,0.024,0.024,0.024000000000000004,0.024,3.469446951953614e-18,0,2,6029312,send_recv,2,2
281,0.024,0.024,0.024000000000000004,0.024,3.469446951953614e-18,0,2,6062080,send_recv,2,2
282,0.024,0.024,0.024000000000000004,0.024,3.469446951953614e-18,0,2,6094848,send_recv,2,2
283,0.024,0.024,0.024000000000000004,0.024,3.469446951953614e-18,0,2,6127616,send_recv,2,2
284,0.024,0.024,0.024000000000000004,0.024,3.469446951953614e-18,0,2,6160384,send_recv,2,2
285,0.024,0.024,0.024000000000000004,0.024,3.469446951953614e-18,0,2,6193152,send_recv,2,2
286,0.024,0.024,0.024000000000000004,0.024,3.469446951953614e-18,0,2,6225920,send_recv,2,2
287,0.024,0.024,0.024000000000000004,0.024,3.469446951953614e-18,0,2,6258688,send_recv,2,2
288,0.024,0.024,0.024000000000000004,0.024,3.469446951953614e-18,0,2,6291456,send_recv,2,2
289,0.027,0.027,0.027,0.027,0.0,0,2,6324224,send_recv,2,2
290,0.026000000000000002,0.026000000000000002,0.026000000000000006,0.026000000000000002,3.469446951953614e-18,0,2,6356992,send_recv,2,2
291,0.027,0.027,0.027,0.027,0.0,0,2,6389760,send_recv,2,2
292,0.026000000000000002,0.027,0.026333333333333334,0.026000000000000002,0.00047140452079103045,0,2,6422528,send_recv,2,2
293,0.027,0.027,0.027,0.027,0.0,0,2,6455296,send_recv,2,2
294,0.026000000000000002,0.027,0.02666666666666667,0.027,0.0004714045207910305,0,2,6488064,send_recv,2,2
295,0.027,0.027,0.027,0.027,0.0,0,2,6520832,send_recv,2,2
296,0.027,0.027,0.027,0.027,0.0,0,2,6553600,send_recv,2,2
297,0.027,0.027,0.027,0.027,0.0,0,2,6586368,send_recv,2,2
298,0.027,0.028,0.027333333333333334,0.027,0.00047140452079103207,0,2,6619136,send_recv,2,2
299,0.027,0.028,0.02766666666666667,0.028,0.00047140452079103207,0,2,6651904,send_recv,2,2
300,0.028,0.028,0.028,0.028,0.0,0,2,6684672,send_recv,2,2
301,0.028,0.028,0.028,0.028,0.0,0,2,6717440,send_recv,2,2
302,0.028,0.028,0.028,0.028,0.0,0,2,6750208,send_recv,2,2
303,0.028,0.028,0.028,0.028,0.0,0,2,6782976,send_recv,2,2
304,0.028,0.028,0.028,0.028,0.0,0,2,6815744,send_recv,2,2
305,0.028,0.028,0.028,0.028,0.0,0,2,6848512,send_recv,2,2
306,0.028,0.028,0.028,0.028,0.0,0,2,6881280,send_recv,2,2
307,0.026000000000000002,0.026000000000000002,0.026000000000000006,0.026000000000000002,3.469446951953614e-18,0,2,6914048,send_recv,2,2
308,0.026000000000000002,0.027,0.026333333333333337,0.026000000000000002,0.00047140452079103045,0,2,6946816,send_recv,2,2
309,0.026000000000000002,0.027,0.026333333333333337,0.026000000000000002,0.00047140452079103045,0,2,6979584,send_recv,2,2
310,0.027,0.027,0.027,0.027,0.0,0,2,7012352,send_recv,2,2
311,0.026000000000000002,0.027,0.02666666666666667,0.027,0.00047140452079103045,0,2,7045120,send_recv,2,2
312,0.027,0.027,0.027,0.027,0.0,0,2,7077888,send_recv,2,2
313,0.027,0.027,0.027,0.027,0.0,0,2,7110656,send_recv,2,2
314,0.027,0.027,0.027,0.027,0.0,0,2,7143424,send_recv,2,2
315,0.027,0.027,0.027,0.027,0.0,0,2,7176192,send_recv,2,2
316,0.027,0.027,0.027,0.027,0.0,0,2,7208960,send_recv,2,2
317,0.027,0.027,0.027,0.027,0.0,0,2,7241728,send_recv,2,2
318,0.027,0.027,0.027,0.027,0.0,0,2,7274496,send_recv,2,2
319,0.027,0.027,0.027,0.027,0.0,0,2,7307264,send_recv,2,2
320,0.027,0.027,0.027,0.027,0.0,0,2,7340032,send_recv,2,2
321,0.029,0.029,0.029,0.029,0.0,0,2,7372800,send_recv,2,2
322,0.029,0.03,0.029666666666666664,0.03,0.00047140452079103045,0,2,7405568,send_recv,2,2
323,0.03,0.03,0.03,0.03,0.0,0,2,7438336,send_recv,2,2
324,0.03,0.03,0.03,0.03,0.0,0,2,7471104,send_recv,2,2
325,0.03,0.03,0.03,0.03,0.0,0,2,7503872,send_recv,2,2
326,0.031,0.031,0.031,0.031,0.0,0,2,7536640,send_recv,2,2
327,0.03,0.03,0.03,0.03,0.0,0,2,7569408,send_recv,2,2
328,0.031,0.031,0.031,0.031,0.0,0,2,7602176,send_recv,2,2
329,0.031,0.031,0.031,0.031,0.0,0,2,7634944,send_recv,2,2
330,0.031,0.031,0.031,0.031,0.0,0,2,7667712,send_recv,2,2
331,0.031,0.031,0.031,0.031,0.0,0,2,7700480,send_recv,2,2
332,0.031,0.031,0.031,0.031,0.0,0,2,7733248,send_recv,2,2
333,0.031,0.031,0.031,0.031,0.0,0,2,7766016,send_recv,2,2
334,0.031,0.031,0.031,0.031,0.0,0,2,7798784,send_recv,2,2
335,0.031,0.031,0.031,0.031,0.0,0,2,7831552,send_recv,2,2
336,0.031,0.031,0.031,0.031,0.0,0,2,7864320,send_recv,2,2
337,0.029,0.029,0.029,0.029,0.0,0,2,7897088,send_recv,2,2
338,0.029,0.029,0.029,0.029,0.0,0,2,7929856,send_recv,2,2
339,0.029,0.029,0.029,0.029,0.0,0,2,7962624,send_recv,2,2
340,0.029,0.029,0.029,0.029,0.0,0,2,7995392,send_recv,2,2
341,0.029,0.03,0.029333333333333333,0.029,0.00047140452079103045,0,2,8028160,send_recv,2,2
342,0.029,0.029,0.029,0.029,0.0,0,2,8060928,send_recv,2,2
343,0.029,0.03,0.029333333333333333,0.029,0.0004714045207910305,0,2,8093696,send_recv,2,2
344,0.029,0.03,0.029666666666666664,0.03,0.00047140452079103045,0,2,8126464,send_recv,2,2
345,0.029,0.03,0.029666666666666664,0.03,0.00047140452079103045,0,2,8159232,send_recv,2,2
346,0.029,0.03,0.029666666666666664,0.03,0.00047140452079103045,0,2,8192000,send_recv,2,2
347,0.03,0.03,0.03,0.03,0.0,0,2,8224768,send_recv,2,2
348,0.03,0.03,0.03,0.03,0.0,0,2,8257536,send_recv,2,2
349,0.03,0.03,0.03,0.03,0.0,0,2,8290304,send_recv,2,2
350,0.03,0.03,0.03,0.03,0.0,0,2,8323072,send_recv,2,2
351,0.03,0.03,0.03,0.03,0.0,0,2,8355840,send_recv,2,2
352,0.03,0.03,0.03,0.03,0.0,0,2,8388608,send_recv,2,2
353,0.034,0.034,0.034,0.034,0.0,0,2,8421376,send_recv,2,2
354,0.034,0.034,0.034,0.034,0.0,0,2,8454144,send_recv,2,2
355,0.034,0.034,0.034,0.034,0.0,0,2,8486912,send_recv,2,2
356,0.034,0.035,0.034333333333333334,0.034,0.00047140452079103207,0,2,8519680,send_recv,2,2
357,0.035,0.035,0.035,0.035,0.0,0,2,8552448,send_recv,2,2
358,0.035,0.035,0.035,0.035,0.0,0,2,8585216,send_recv,2,2
359,0.035,0.035,0.035,0.035,0.0,0,2,8617984,send_recv,2,2
360,0.035,0.035,0.035,0.035,0.0,0,2,8650752,send_recv,2,2
361,0.035,0.035,0.035,0.035,0.0,0,2,8683520,send_recv,2,2
362,0.035,0.035,0.035,0.035,0.0,0,2,8716288,send_recv,2,2
363,0.035,0.035,0.035,0.035,0.0,0,2,8749056,send_recv,2,2
364,0.035,0.035,0.035,0.035,0.0,0,2,8781824,send_recv,2,2
365,0.035,0.035,0.035,0.035,0.0,0,2,8814592,send_recv,2,2
366,0.035,0.035,0.035,0.035,0.0,0,2,8847360,send_recv,2,2
367,0.033,0.033,0.033,0.033,0.0,0,2,8880128,send_recv,2,2
368,0.032,0.033,0.03266666666666667,0.033,0.00047140452079103207,0,2,8912896,send_recv,2,2
369,0.033,0.033,0.033,0.033,0.0,0,2,8945664,send_recv,2,2
370,0.033,0.033,0.033,0.033,0.0,0,2,8978432,send_recv,2,2
371,0.033,0.033,0.033,0.033,0.0,0,2,9011200,send_recv,2,2
372,0.033,0.033,0.033,0.033,0.0,0,2,9043968,send_recv,2,2
373,0.033,0.033,0.033,0.033,0.0,0,2,9076736,send_recv,2,2
374,0.033,0.033,0.033,0.033,0.0,0,2,9109504,send_recv,2,2
375,0.033,0.033,0.033,0.033,0.0,0,2,9142272,send_recv,2,2
376,0.033,0.033,0.033,0.033,0.0,0,2,9175040,send_recv,2,2
377,0.033,0.034,0.03333333333333333,0.033,0.00047140452079103207,0,2,9207808,send_recv,2,2
378,0.033,0.033,0.033,0.033,0.0,0,2,9240576,send_recv,2,2
379,0.033,0.033,0.033,0.033,0.0,0,2,9273344,send_recv,2,2
380,0.033,0.034,0.03366666666666667,0.034,0.00047140452079103207,0,2,9306112,send_recv,2,2
381,0.033,0.034,0.03366666666666667,0.034,0.00047140452079103207,0,2,9338880,send_recv,2,2
382,0.033,0.034,0.03366666666666667,0.034,0.00047140452079103207,0,2,9371648,send_recv,2,2
383,0.034,0.034,0.034,0.034,0.0,0,2,9404416,send_recv,2,2
384,0.034,0.034,0.034,0.034,0.0,0,2,9437184,send_recv,2,2
385,0.037,0.037,0.037,0.037,0.0,0,2,9469952,send_recv,2,2
386,0.037,0.037,0.037,0.037,0.0,0,2,9502720,send_recv,2,2
387,0.037,0.037,0.037,0.037,0.0,0,2,9535488,send_recv,2,2
388,0.037,0.037,0.037,0.037,0.0,0,2,9568256,send_recv,2,2
389,0.037,0.037,0.037,0.037,0.0,0,2,9601024,send_recv,2,2
390,0.037,0.038,0.03733333333333333,0.037,0.00047140452079103207,0,2,9633792,send_recv,2,2
391,0.037,0.037,0.037,0.037,0.0,0,2,9666560,send_recv,2,2
392,0.037,0.037,0.037,0.037,0.0,0,2,9699328,send_recv,2,2
393,0.037,0.038,0.03766666666666666,0.038,0.00047140452079103207,0,2,9732096,send_recv,2,2
394,0.038,0.038,0.038,0.038,0.0,0,2,9764864,send_recv,2,2
395,0.038,0.038,0.038,0.038,0.0,0,2,9797632,send_recv,2,2
396,0.038,0.038,0.038,0.038,0.0,0,2,9830400,send_recv,2,2
397,0.034,0.035,0.03466666666666667,0.035,0.00047140452079103207,0,2,9863168,send_recv,2,2
398,0.035,0.035,0.035,0.035,0.0,0,2,9895936,send_recv,2,2
399,0.035,0.035,0.035,0.035,0.0,0,2,9928704,send_recv,2,2
400,0.035,0.035,0.035,0.035,0.0,0,2,9961472,send_recv,2,2
401,0.035,0.035,0.035,0.035,0.0,0,2,9994240,send_recv,2,2
402,0.035,0.035,0.035,0.035,0.0,0,2,10027008,send_recv,2,2
403,0.035,0.035,0.035,0.035,0.0,0,2,10059776,send_recv,2,2
404,0.035,0.035,0.035,0.035,0.0,0,2,10092544,send_recv,2,2
405,0.035,0.035,0.035,0.035,0.0,0,2,10125312,send_recv,2,2
406,0.035,0.035,0.035,0.035,0.0,0,2,10158080,send_recv,2,2
407,0.035,0.035,0.035,0.035,0.0,0,2,10190848,send_recv,2,2
408,0.035,0.036000000000000004,0.035333333333333335,0.035,0.00047140452079103207,0,2,10223616,send_recv,2,2
409,0.035,0.038,0.036000000000000004,0.035,0.001414213562373093,0,2,10256384,send_recv,2,2
410,0.035,0.036000000000000004,0.03566666666666667,0.036000000000000004,0.00047140452079103207,0,2,10289152,send_recv,2,2
411,0.035,0.036000000000000004,0.035333333333333335,0.035,0.00047140452079103207,0,2,10321920,send_recv,2,2
412,0.035,0.036000000000000004,0.035333333333333335,0.035,0.00047140452079103207,0,2,10354688,send_recv,2,2
413,0.035,0.036000000000000004,0.03566666666666667,0.036000000000000004,0.00047140452079103207,0,2,10387456,send_recv,2,2
414,0.036000000000000004,0.036000000000000004,0.036000000000000004,0.036000000000000004,0.0,0,2,10420224,send_recv,2,2
415,0.036000000000000004,0.036000000000000004,0.036000000000000004,0.036000000000000004,0.0,0,2,10452992,send_recv,2,2
416,0.036000000000000004,0.036000000000000004,0.036000000000000004,0.036000000000000004,0.0,0,2,10485760,send_recv,2,2
417,0.04,0.04,0.04,0.04,0.0,0,2,10518528,send_recv,2,2
418,0.04,0.041,0.04033333333333333,0.04,0.00047140452079103207,0,2,10551296,send_recv,2,2
419,0.04,0.041,0.04033333333333333,0.04,0.00047140452079103207,0,2,10584064,send_recv,2,2
420,0.04,0.041,0.04033333333333333,0.04,0.00047140452079103207,0,2,10616832,send_recv,2,2
421,0.04,0.041,0.04033333333333333,0.04,0.00047140452079103207,0,2,10649600,send_recv,2,2
422,0.04,0.041,0.04033333333333333,0.04,0.00047140452079103207,0,2,10682368,send_recv,2,2
423,0.04,0.04,0.04,0.04,0.0,0,2,10715136,send_recv,2,2
424,0.041,0.041,0.041,0.041,0.0,0,2,10747904,send_recv,2,2
425,0.04,0.041,0.04033333333333333,0.04,0.00047140452079103207,0,2,10780672,send_recv,2,2
426,0.041,0.041,0.041,0.041,0.0,0,2,10813440,send_recv,2,2
427,0.037,0.038,0.03733333333333333,0.037,0.00047140452079103207,0,2,10846208,send_recv,2,2
428,0.037,0.038,0.03733333333333333,0.037,0.00047140452079103207,0,2,10878976,send_recv,2,2
429,0.037,0.038,0.03733333333333333,0.037,0.00047140452079103207,0,2,10911744,send_recv,2,2
430,0.037,0.038,0.03766666666666666,0.038,0.00047140452079103207,0,2,10944512,send_recv,2,2
431,0.038,0.038,0.038,0.038,0.0,0,2,10977280,send_recv,2,2
432,0.037,0.038,0.03766666666666666,0.038,0.00047140452079103207,0,2,11010048,send_recv,2,2
433,0.038,0.038,0.038,0.038,0.0,0,2,11042816,send_recv,2,2
434,0.038,0.038,0.038,0.038,0.0,0,2,11075584,send_recv,2,2
435,0.038,0.038,0.038,0.038,0.0,0,2,11108352,send_recv,2,2
436,0.038,0.038,0.038,0.038,0.0,0,2,11141120,send_recv,2,2
437,0.038,0.038,0.038,0.038,0.0,0,2,11173888,send_recv,2,2
438,0.038,0.04,0.03866666666666666,0.038,0.0009428090415820641,0,2,11206656,send_recv,2,2
439,0.038,0.038,0.038,0.038,0.0,0,2,11239424,send_recv,2,2
440,0.038,0.038,0.038,0.038,0.0,0,2,11272192,send_recv,2,2
441,0.038,0.038,0.038,0.038,0.0,0,2,11304960,send_recv,2,2
442,0.038,0.039,0.03833333333333333,0.038,0.00047140452079103207,0,2,11337728,send_recv,2,2
443,0.038,0.039,0.03833333333333333,0.038,0.00047140452079103207,0,2,11370496,send_recv,2,2
444,0.038,0.038,0.038,0.038,0.0,0,2,11403264,send_recv,2,2
445,0.038,0.039,0.03833333333333333,0.038,0.00047140452079103207,0,2,11436032,send_recv,2,2
446,0.038,0.039,0.03866666666666666,0.039,0.00047140452079103207,0,2,11468800,send_recv,2,2
447,0.038,0.039,0.03866666666666666,0.039,0.00047140452079103207,0,2,11501568,send_recv,2,2
448,0.038,0.039,0.03866666666666666,0.039,0.00047140452079103207,0,2,11534336,send_recv,2,2
449,0.043000000000000003,0.043000000000000003,0.043000000000000003,0.043000000000000003,0.0,0,2,11567104,send_recv,2,2
450,0.043000000000000003,0.043000000000000003,0.043000000000000003,0.043000000000000003,0.0,0,2,11599872,send_recv,2,2
451,0.043000000000000003,0.044,0.043333333333333335,0.043000000000000003,0.0004714045207910288,0,2,11632640,send_recv,2,2
452,0.043000000000000003,0.044,0.043666666666666666,0.044,0.0004714045207910288,0,2,11665408,send_recv,2,2
453,0.043000000000000003,0.044,0.043333333333333335,0.043000000000000003,0.0004714045207910288,0,2,11698176,send_recv,2,2
454,0.043000000000000003,0.044,0.043666666666666666,0.044,0.0004714045207910288,0,2,11730944,send_recv,2,2
455,0.044,0.044,0.044000000000000004,0.044,6.938893903907228e-18,0,2,11763712,send_recv,2,2
456,0.044,0.044,0.044000000000000004,0.044,6.938893903907228e-18,0,2,11796480,send_recv,2,2
457,0.04,0.04,0.04,0.04,0.0,0,2,11829248,send_recv,2,2
458,0.04,0.04,0.04,0.04,0.0,0,2,11862016,send_recv,2,2
459,0.04,0.04,0.04,0.04,0.0,0,2,11894784,send_recv,2,2
460,0.04,0.041,0.04033333333333333,0.04,0.00047140452079103207,0,2,11927552,send_recv,2,2
461,0.04,0.04,0.04,0.04,0.0,0,2,11960320,send_recv,2,2
462,0.04,0.041,0.04066666666666666,0.041,0.00047140452079103207,0,2,11993088,send_recv,2,2
463,0.04,0.041,0.04066666666666666,0.041,0.00047140452079103207,0,2,12025856,send_recv,2,2
464,0.041,0.041,0.041,0.041,0.0,0,2,12058624,send_recv,2,2
465,0.041,0.041,0.041,0.041,0.0,0,2,12091392,send_recv,2,2
466,0.041,0.041,0.041,0.041,0.0,0,2,12124160,send_recv,2,2
467,0.041,0.041,0.041,0.041,0.0,0,2,12156928,send_recv,2,2
468,0.041,0.041,0.041,0.041,0.0,0,2,12189696,send_recv,2,2
469,0.041,0.041,0.041,0.041,0.0,0,2,12222464,send_recv,2,2
470,0.041,0.041,0.041,0.041,0.0,0,2,12255232,send_recv,2,2
471,0.041,0.041,0.041,0.041,0.0,0,2,12288000,send_recv,2,2
472,0.041,0.041,0.041,0.041,0.0,0,2,12320768,send_recv,2,2
473,0.041,0.041,0.041,0.041,0.0,0,2,12353536,send_recv,2,2
474,0.041,0.041,0.041,0.041,0.0,0,2,12386304,send_recv,2,2
475,0.041,0.041,0.041,0.041,0.0,0,2,12419072,send_recv,2,2
476,0.041,0.041,0.041,0.041,0.0,0,2,12451840,send_recv,2,2
477,0.041,0.042,0.04133333333333333,0.041,0.00047140452079103207,0,2,12484608,send_recv,2,2
478,0.041,0.042,0.041666666666666664,0.042,0.00047140452079103207,0,2,12517376,send_recv,2,2
479,0.041,0.042,0.04133333333333333,0.041,0.00047140452079103207,0,2,12550144,send_recv,2,2
480,0.042,0.042,0.042,0.042,0.0,0,2,12582912,send_recv,2,2
481,0.046,0.046,0.046000000000000006,0.046,6.938893903907228e-18,0,2,12615680,send_recv,2,2
482,0.046,0.046,0.046000000000000006,0.046,6.938893903907228e-18,0,2,12648448,send_recv,2,2
483,0.046,0.047,0.04666666666666667,0.047,0.00047140452079103207,0,2,12681216,send_recv,2,2
484,0.046,0.046,0.046000000000000006,0.046,6.938893903907228e-18,0,2,12713984,send_recv,2,2
485,0.047,0.047,0.04700000000000001,0.047,6.938893903907228e-18,0,2,12746752,send_recv,2,2
486,0.047,0.047,0.04700000000000001,0.047,6.938893903907228e-18,0,2,12779520,send_recv,2,2
487,0.043000000000000003,0.043000000000000003,0.043000000000000003,0.043000000000000003,0.0,0,2,12812288,send_recv,2,2
488,0.043000000000000003,0.043000000000000003,0.043000000000000003,0.043000000000000003,0.0,0,2,12845056,send_recv,2,2
489,0.043000000000000003,0.043000000000000003,0.043000000000000003,0.043000000000000003,0.0,0,2,12877824,send_recv,2,2
490,0.043000000000000003,0.043000000000000003,0.043000000000000003,0.043000000000000003,0.0,0,2,12910592,send_recv,2,2
491,0.043000000000000003,0.043000000000000003,0.043000000000000003,0.043000000000000003,0.0,0,2,12943360,send_recv,2,2
492,0.043000000000000003,0.044,0.043333333333333335,0.043000000000000003,0.0004714045207910288,0,2,12976128,send_recv,2,2
493,0.043000000000000003,0.044,0.043666666666666666,0.044,0.0004714045207910288,0,2,13008896,send_recv,2,2
494,0.043000000000000003,0.044,0.043333333333333335,0.043000000000000003,0.0004714045207910288,0,2,13041664,send_recv,2,2
495,0.043000000000000003,0.044,0.043666666666666666,0.044,0.0004714045207910288,0,2,13074432,send_recv,2,2
496,0.043000000000000003,0.044,0.043666666666666666,0.044,0.0004714045207910288,0,2,13107200,send_recv,2,2
497,0.044,0.044,0.044000000000000004,0.044,6.938893903907228e-18,0,2,13139968,send_recv,2,2
498,0.044,0.044,0.044000000000000004,0.044,6.938893903907228e-18,0,2,13172736,send_recv,2,2
499,0.044,0.044,0.044000000000000004,0.044,6.938893903907228e-18,0,2,13205504,send_recv,2,2
500,0.044,0.044,0.044000000000000004,0.044,6.938893903907228e-18,0,2,13238272,send_recv,2,2
501,0.044,0.044,0.044000000000000004,0.044,6.938893903907228e-18,0,2,13271040,send_recv,2,2
502,0.044,0.044,0.044000000000000004,0.044,6.938893903907228e-18,0,2,13303808,send_recv,2,2
503,0.044,0.044,0.044000000000000004,0.044,6.938893903907228e-18,0,2,13336576,send_recv,2,2
504,0.044,0.044,0.044000000000000004,0.044,6.938893903907228e-18,0,2,13369344,send_recv,2,2
505,0.044,0.044,0.044000000000000004,0.044,6.938893903907228e-18,0,2,13402112,send_recv,2,2
506,0.044,0.044,0.044000000000000004,0.044,6.938893903907228e-18,0,2,13434880,send_recv,2,2
507,0.044,0.044,0.044000000000000004,0.044,6.938893903907228e-18,0,2,13467648,send_recv,2,2
508,0.044,0.044,0.044000000000000004,0.044,6.938893903907228e-18,0,2,13500416,send_recv,2,2
509,0.044,0.044,0.044000000000000004,0.044,6.938893903907228e-18,0,2,13533184,send_recv,2,2
510,0.044,0.045,0.04466666666666667,0.045,0.00047140452079103207,0,2,13565952,send_recv,2,2
511,0.045,0.045,0.045000000000000005,0.045,6.938893903907228e-18,0,2,13598720,send_recv,2,2
512,0.045,0.045,0.045000000000000005,0.045,6.938893903907228e-18,0,2,13631488,send_recv,2,2
513,0.049,0.05,0.04966666666666667,0.05,0.00047140452079103207,0,2,13664256,send_recv,2,2
514,0.05,0.05,0.05000000000000001,0.05,6.938893903907228e-18,0,2,13697024,send_recv,2,2
515,0.05,0.05,0.05000000000000001,0.05,6.938893903907228e-18,0,2,13729792,send_recv,2,2
516,0.05,0.05,0.05000000000000001,0.05,6.938893903907228e-18,0,2,13762560,send_recv,2,2
517,0.046,0.046,0.046000000000000006,0.046,6.938893903907228e-18,0,2,13795328,send_recv,2,2
518,0.046,0.046,0.046000000000000006,0.046,6.938893903907228e-18,0,2,13828096,send_recv,2,2
519,0.046,0.046,0.046000000000000006,0.046,6.938893903907228e-18,0,2,13860864,send_recv,2,2
520,0.046,0.046,0.046000000000000006,0.046,6.938893903907228e-18,0,2,13893632,send_recv,2,2
521,0.046,0.046,0.046000000000000006,0.046,6.938893903907228e-18,0,2,13926400,send_recv,2,2
522,0.046,0.046,0.046000000000000006,0.046,6.938893903907228e-18,0,2,13959168,send_recv,2,2
523,0.046,0.046,0.046000000000000006,0.046,6.938893903907228e-18,0,2,13991936,send_recv,2,2
524,0.046,0.046,0.046000000000000006,0.046,6.938893903907228e-18,0,2,14024704,send_recv,2,2
525,0.046,0.046,0.046000000000000006,0.046,6.938893903907228e-18,0,2,14057472,send_recv,2,2
526,0.046,0.047,0.04633333333333334,0.046,0.00047140452079103207,0,2,14090240,send_recv,2,2
527,0.046,0.046,0.046000000000000006,0.046,6.938893903907228e-18,0,2,14123008,send_recv,2,2
528,0.046,0.047,0.04666666666666667,0.047,0.00047140452079103207,0,2,14155776,send_recv,2,2
529,0.046,0.047,0.04666666666666667,0.047,0.00047140452079103207,0,2,14188544,send_recv,2,2
530,0.046,0.047,0.04666666666666667,0.047,0.00047140452079103207,0,2,14221312,send_recv,2,2
531,0.047,0.047,0.04700000000000001,0.047,6.938893903907228e-18,0,2,14254080,send_recv,2,2
532,0.047,0.047,0.04700000000000001,0.047,6.938893903907228e-18,0,2,14286848,send_recv,2,2
533,0.047,0.047,0.04700000000000001,0.047,6.938893903907228e-18,0,2,14319616,send_recv,2,2
534,0.047,0.047,0.04700000000000001,0.047,6.938893903907228e-18,0,2,14352384,send_recv,2,2
535,0.047,0.047,0.04700000000000001,0.047,6.938893903907228e-18,0,2,14385152,send_recv,2,2
536,0.047,0.047,0.04700000000000001,0.047,6.938893903907228e-18,0,2,14417920,send_recv,2,2
537,0.047,0.047,0.04700000000000001,0.047,6.938893903907228e-18,0,2,14450688,send_recv,2,2
538,0.047,0.047,0.04700000000000001,0.047,6.938893903907228e-18,0,2,14483456,send_recv,2,2
539,0.047,0.047,0.04700000000000001,0.047,6.938893903907228e-18,0,2,14516224,send_recv,2,2
540,0.047,0.047,0.04700000000000001,0.047,6.938893903907228e-18,0,2,14548992,send_recv,2,2
541,0.047,0.048,0.04766666666666667,0.048,0.00047140452079103207,0,2,14581760,send_recv,2,2
542,0.047,0.047,0.04700000000000001,0.047,6.938893903907228e-18,0,2,14614528,send_recv,2,2
543,0.047,0.048,0.04733333333333334,0.047,0.00047140452079103207,0,2,14647296,send_recv,2,2
544,0.047,0.048,0.04766666666666667,0.048,0.00047140452079103207,0,2,14680064,send_recv,2,2
545,0.053,0.053,0.053,0.053,0.0,0,2,14712832,send_recv,2,2
546,0.053,0.053,0.053,0.053,0.0,0,2,14745600,send_recv,2,2
547,0.048,0.049,0.04833333333333334,0.048,0.00047140452079103207,0,2,14778368,send_recv,2,2
548,0.048,0.048,0.04800000000000001,0.048,6.938893903907228e-18,0,2,14811136,send_recv,2,2
549,0.048,0.049,0.04833333333333334,0.048,0.00047140452079103207,0,2,14843904,send_recv,2,2
550,0.048,0.049,0.04833333333333334,0.048,0.00047140452079103207,0,2,14876672,send_recv,2,2
551,0.049,0.049,0.04900000000000001,0.049,6.938893903907228e-18,0,2,14909440,send_recv,2,2
552,0.049,0.049,0.04900000000000001,0.049,6.938893903907228e-18,0,2,14942208,send_recv,2,2
553,0.048,0.049,0.04866666666666667,0.049,0.00047140452079103207,0,2,14974976,send_recv,2,2
554,0.049,0.049,0.04900000000000001,0.049,6.938893903907228e-18,0,2,15007744,send_recv,2,2
555,0.049,0.049,0.04900000000000001,0.049,6.938893903907228e-18,0,2,15040512,send_recv,2,2
556,0.049,0.049,0.04900000000000001,0.049,6.938893903907228e-18,0,2,15073280,send_recv,2,2
557,0.049,0.049,0.04900000000000001,0.049,6.938893903907228e-18,0,2,15106048,send_recv,2,2
558,0.049,0.049,0.04900000000000001,0.049,6.938893903907228e-18,0,2,15138816,send_recv,2,2
559,0.049,0.049,0.04900000000000001,0.049,6.938893903907228e-18,0,2,15171584,send_recv,2,2
560,0.049,0.049,0.04900000000000001,0.049,6.938893903907228e-18,0,2,15204352,send_recv,2,2
561,0.049,0.049,0.04900000000000001,0.049,6.938893903907228e-18,0,2,15237120,send_recv,2,2
562,0.049,0.05,0.04966666666666667,0.05,0.00047140452079103207,0,2,15269888,send_recv,2,2
563,0.05,0.05,0.05000000000000001,0.05,6.938893903907228e-18,0,2,15302656,send_recv,2,2
564,0.049,0.05,0.04966666666666667,0.05,0.00047140452079103207,0,2,15335424,send_recv,2,2
565,0.05,0.05,0.05000000000000001,0.05,6.938893903907228e-18,0,2,15368192,send_recv,2,2
566,0.05,0.05,0.05000000000000001,0.05,6.938893903907228e-18,0,2,15400960,send_recv,2,2
567,0.05,0.05,0.05000000000000001,0.05,6.938893903907228e-18,0,2,15433728,send_recv,2,2
568,0.049,0.05,0.04966666666666667,0.05,0.00047140452079103207,0,2,15466496,send_recv,2,2
569,0.05,0.05,0.05000000000000001,0.05,6.938893903907228e-18,0,2,15499264,send_recv,2,2
570,0.05,0.05,0.05000000000000001,0.05,6.938893903907228e-18,0,2,15532032,send_recv,2,2
571,0.05,0.05,0.05000000000000001,0.05,6.938893903907228e-18,0,2,15564800,send_recv,2,2
572,0.05,0.05,0.05000000000000001,0.05,6.938893903907228e-18,0,2,15597568,send_recv,2,2
573,0.05,0.05,0.05000000000000001,0.05,6.938893903907228e-18,0,2,15630336,send_recv,2,2
574,0.05,0.05,0.05000000000000001,0.05,6.938893903907228e-18,0,2,15663104,send_recv,2,2
575,0.05,0.05,0.05000000000000001,0.05,6.938893903907228e-18,0,2,15695872,send_recv,2,2
576,0.05,0.05,0.05000000000000001,0.05,6.938893903907228e-18,0,2,15728640,send_recv,2,2
577,0.051000000000000004,0.051000000000000004,0.05100000000000001,0.051000000000000004,6.938893903907228e-18,0,2,15761408,send_recv,2,2
578,0.051000000000000004,0.051000000000000004,0.05100000000000001,0.051000000000000004,6.938893903907228e-18,0,2,15794176,send_recv,2,2
579,0.051000000000000004,0.051000000000000004,0.05100000000000001,0.051000000000000004,6.938893903907228e-18,0,2,15826944,send_recv,2,2
580,0.051000000000000004,0.051000000000000004,0.05100000000000001,0.051000000000000004,6.938893903907228e-18,0,2,15859712,send_recv,2,2
581,0.051000000000000004,0.052000000000000005,0.05133333333333334,0.051000000000000004,0.00047140452079103207,0,2,15892480,send_recv,2,2
582,0.051000000000000004,0.052000000000000005,0.05166666666666667,0.052000000000000005,0.00047140452079103207,0,2,15925248,send_recv,2,2
583,0.052000000000000005,0.052000000000000005,0.05200000000000001,0.052000000000000005,6.938893903907228e-18,0,2,15958016,send_recv,2,2
584,0.052000000000000005,0.052000000000000005,0.05200000000000001,0.052000000000000005,6.938893903907228e-18,0,2,15990784,send_recv,2,2
585,0.052000000000000005,0.052000000000000005,0.05200000000000001,0.052000000000000005,6.938893903907228e-18,0,2,16023552,send_recv,2,2
586,0.052000000000000005,0.052000000000000005,0.05200000000000001,0.052000000000000005,6.938893903907228e-18,0,2,16056320,send_recv,2,2
587,0.052000000000000005,0.052000000000000005,0.05200000000000001,0.052000000000000005,6.938893903907228e-18,0,2,16089088,send_recv,2,2
588,0.052000000000000005,0.052000000000000005,0.05200000000000001,0.052000000000000005,6.938893903907228e-18,0,2,16121856,send_recv,2,2
589,0.052000000000000005,0.052000000000000005,0.05200000000000001,0.052000000000000005,6.938893903907228e-18,0,2,16154624,send_recv,2,2
590,0.052000000000000005,0.052000000000000005,0.05200000000000001,0.052000000000000005,6.938893903907228e-18,0,2,16187392,send_recv,2,2
591,0.052000000000000005,0.052000000000000005,0.05200000000000001,0.052000000000000005,6.938893903907228e-18,0,2,16220160,send_recv,2,2
592,0.052000000000000005,0.052000000000000005,0.05200000000000001,0.052000000000000005,6.938893903907228e-18,0,2,16252928,send_recv,2,2
593,0.052000000000000005,0.052000000000000005,0.05200000000000001,0.052000000000000005,6.938893903907228e-18,0,2,16285696,send_recv,2,2
594,0.052000000000000005,0.053,0.052333333333333336,0.052000000000000005,0.0004714045207910288,0,2,16318464,send_recv,2,2
595,0.052000000000000005,0.053,0.05233333333333334,0.052000000000000005,0.0004714045207910288,0,2,16351232,send_recv,2,2
596,0.052000000000000005,0.053,0.052333333333333336,0.052000000000000005,0.0004714045207910288,0,2,16384000,send_recv,2,2
597,0.052000000000000005,0.053,0.05233333333333334,0.052000000000000005,0.0004714045207910288,0,2,16416768,send_recv,2,2
598,0.053,0.053,0.053,0.053,0.0,0,2,16449536,send_recv,2,2
599,0.053,0.053,0.053,0.053,0.0,0,2,16482304,send_recv,2,2
600,0.052000000000000005,0.053,0.05266666666666667,0.053,0.0004714045207910288,0,2,16515072,send_recv,2,2
601,0.053,0.053,0.053,0.053,0.0,0,2,16547840,send_recv,2,2
602,0.053,0.053,0.053,0.053,0.0,0,2,16580608,send_recv,2,2
603,0.053,0.053,0.053,0.053,0.0,0,2,16613376,send_recv,2,2
604,0.053,0.053,0.053,0.053,0.0,0,2,16646144,send_recv,2,2
605,0.053,0.053,0.053,0.053,0.0,0,2,16678912,send_recv,2,2
606,0.053,0.053,0.053,0.053,0.0,0,2,16711680,send_recv,2,2
607,0.053,0.053,0.053,0.053,0.0,0,2,16744448,send_recv,2,2
608,0.053,0.053,0.053,0.053,0.0,0,2,16777216,send_recv,2,2
609,0.053,0.053,0.053,0.053,0.0,0,2,16777216,send_recv,2,2
610,0.055,0.056,0.05533333333333334,0.055,0.00047140452079103207,0,2,16908288,send_recv,2,2
611,0.055,0.056,0.05566666666666667,0.056,0.00047140452079103207,0,2,17039360,send_recv,2,2
612,0.056,0.056,0.056,0.056,0.0,0,2,17170432,send_recv,2,2
613,0.056,0.056,0.056,0.056,0.0,0,2,17301504,send_recv,2,2
614,0.056,0.056,0.056,0.056,0.0,0,2,17432576,send_recv,2,2
615,0.056,0.057,0.05666666666666667,0.057,0.00047140452079103207,0,2,17563648,send_recv,2,2
616,0.057,0.057,0.057,0.057,0.0,0,2,17694720,send_recv,2,2
617,0.057,0.057,0.057,0.057,0.0,0,2,17825792,send_recv,2,2
618,0.058,0.058,0.058,0.058,0.0,0,2,17956864,send_recv,2,2
619,0.058,0.058,0.058,0.058,0.0,0,2,18087936,send_recv,2,2
620,0.058,0.059000000000000004,0.05833333333333334,0.058,0.00047140452079103207,0,2,18219008,send_recv,2,2
621,0.059000000000000004,0.059000000000000004,0.059000000000000004,0.059000000000000004,0.0,0,2,18350080,send_recv,2,2
622,0.059000000000000004,0.059000000000000004,0.059000000000000004,0.059000000000000004,0.0,0,2,18481152,send_recv,2,2
623,0.059000000000000004,0.059000000000000004,0.059000000000000004,0.059000000000000004,0.0,0,2,18612224,send_recv,2,2
624,0.059000000000000004,0.06,0.05933333333333333,0.059000000000000004,0.0004714045207910288,0,2,18743296,send_recv,2,2
625,0.06,0.06,0.06,0.06,0.0,0,2,18874368,send_recv,2,2
626,0.06,0.061,0.06066666666666667,0.061,0.00047140452079103207,0,2,19005440,send_recv,2,2
627,0.061,0.061,0.061,0.061,0.0,0,2,19136512,send_recv,2,2
628,0.061,0.061,0.061,0.061,0.0,0,2,19267584,send_recv,2,2
629,0.061,0.062,0.06166666666666667,0.062,0.00047140452079103207,0,2,19398656,send_recv,2,2
630,0.061,0.062,0.06166666666666667,0.062,0.00047140452079103207,0,2,19529728,send_recv,2,2
631,0.062,0.062,0.062,0.062,0.0,0,2,19660800,send_recv,2,2
632,0.062,0.062,0.062,0.062,0.0,0,2,19791872,send_recv,2,2
633,0.062,0.063,0.06233333333333333,0.062,0.00047140452079103207,0,2,19922944,send_recv,2,2
634,0.063,0.064,0.06333333333333334,0.063,0.00047140452079103207,0,2,20054016,send_recv,2,2
635,0.063,0.064,0.06333333333333334,0.063,0.00047140452079103207,0,2,20185088,send_recv,2,2
636,0.064,0.064,0.064,0.064,0.0,0,2,20316160,send_recv,2,2
637,0.064,0.064,0.064,0.064,0.0,0,2,20447232,send_recv,2,2
638,0.064,0.064,0.064,0.064,0.0,0,2,20578304,send_recv,2,2
639,0.064,0.065,0.06433333333333334,0.064,0.00047140452079103207,0,2,20709376,send_recv,2,2
640,0.065,0.065,0.065,0.065,0.0,0,2,20840448,send_recv,2,2
641,0.065,0.065,0.065,0.065,0.0,0,2,20971520,send_recv,2,2
642,0.066,0.066,0.066,0.066,0.0,0,2,21102592,send_recv,2,2
643,0.066,0.066,0.066,0.066,0.0,0,2,21233664,send_recv,2,2
644,0.066,0.067,0.06666666666666667,0.067,0.00047140452079103207,0,2,21364736,send_recv,2,2
645,0.067,0.067,0.067,0.067,0.0,0,2,21495808,send_recv,2,2
646,0.067,0.067,0.067,0.067,0.0,0,2,21626880,send_recv,2,2
647,0.067,0.067,0.067,0.067,0.0,0,2,21757952,send_recv,2,2
648,0.067,0.068,0.06733333333333334,0.067,0.00047140452079103207,0,2,21889024,send_recv,2,2
649,0.068,0.068,0.068,0.068,0.0,0,2,22020096,send_recv,2,2
650,0.069,0.069,0.069,0.069,0.0,0,2,22151168,send_recv,2,2
651,0.069,0.069,0.069,0.069,0.0,0,2,22282240,send_recv,2,2
652,0.069,0.07,0.06966666666666667,0.07,0.00047140452079103207,0,2,22413312,send_recv,2,2
653,0.07,0.07,0.07,0.07,0.0,0,2,22544384,send_recv,2,2
654,0.07,0.07,0.07,0.07,0.0,0,2,22675456,send_recv,2,2
655,0.07,0.07,0.07,0.07,0.0,0,2,22806528,send_recv,2,2
656,0.07,0.07100000000000001,0.07033333333333334,0.07,0.00047140452079103207,0,2,22937600,send_recv,2,2
657,0.07100000000000001,0.07100000000000001,0.07100000000000001,0.07100000000000001,0.0,0,2,23068672,send_recv,2,2
658,0.07100000000000001,0.07200000000000001,0.07166666666666667,0.07200000000000001,0.00047140452079103207,0,2,23199744,send_recv,2,2
659,0.07200000000000001,0.07200000000000001,0.07200000000000001,0.07200000000000001,0.0,0,2,23330816,send_recv,2,2
660,0.07200000000000001,0.073,0.07233333333333335,0.07200000000000001,0.00047140452079102557,0,2,23461888,send_recv,2,2
661,0.07200000000000001,0.073,0.07266666666666667,0.073,0.00047140452079102557,0,2,23592960,send_recv,2,2
662,0.073,0.073,0.073,0.073,0.0,0,2,23724032,send_recv,2,2
663,0.073,0.073,0.073,0.073,0.0,0,2,23855104,send_recv,2,2
664,0.073,0.074,0.07366666666666666,0.074,0.00047140452079103207,0,2,23986176,send_recv,2,2
665,0.074,0.074,0.074,0.074,0.0,0,2,24117248,send_recv,2,2
666,0.074,0.075,0.07466666666666666,0.075,0.00047140452079103207,0,2,24248320,send_recv,2,2
667,0.075,0.075,0.075,0.075,0.0,0,2,24379392,send_recv,2,2
668,0.075,0.075,0.075,0.075,0.0,0,2,24510464,send_recv,2,2
669,0.075,0.075,0.075,0.075,0.0,0,2,24641536,send_recv,2,2
670,0.076,0.076,0.076,0.076,0.0,0,2,24772608,send_recv,2,2
671,0.076,0.076,0.076,0.076,0.0,0,2,24903680,send_recv,2,2
672,0.076,0.076,0.076,0.076,0.0,0,2,25034752,send_recv,2,2
673,0.076,0.077,0.07666666666666666,0.077,0.00047140452079103207,0,2,25165824,send_recv,2,2
674,0.078,0.079,0.07833333333333332,0.078,0.00047140452079103207,0,2,25296896,send_recv,2,2
675,0.078,0.079,0.07866666666666666,0.079,0.00047140452079103207,0,2,25427968,send_recv,2,2
676,0.079,0.079,0.079,0.079,0.0,0,2,25559040,send_recv,2,2
677,0.079,0.079,0.079,0.079,0.0,0,2,25690112,send_recv,2,2
678,0.079,0.08,0.07966666666666666,0.08,0.00047140452079103207,0,2,25821184,send_recv,2,2
679,0.079,0.08,0.07966666666666666,0.08,0.00047140452079103207,0,2,25952256,send_recv,2,2
680,0.08,0.08,0.08,0.08,0.0,0,2,26083328,send_recv,2,2
681,0.08,0.081,0.08066666666666666,0.081,0.00047140452079103207,0,2,26214400,send_recv,2,2
682,0.081,0.082,0.08133333333333333,0.081,0.00047140452079103207,0,2,26345472,send_recv,2,2
683,0.081,0.082,0.08133333333333333,0.081,0.00047140452079103207,0,2,26476544,send_recv,2,2
684,0.081,0.082,0.08166666666666667,0.082,0.00047140452079103207,0,2,26607616,send_recv,2,2
685,0.082,0.082,0.082,0.082,0.0,0,2,26738688,send_recv,2,2
686,0.082,0.082,0.082,0.082,0.0,0,2,26869760,send_recv,2,2
687,0.082,0.083,0.08233333333333333,0.082,0.00047140452079103207,0,2,27000832,send_recv,2,2
688,0.083,0.083,0.083,0.083,0.0,0,2,27131904,send_recv,2,2
689,0.083,0.084,0.08366666666666667,0.084,0.00047140452079103207,0,2,27262976,send_recv,2,2
690,0.084,0.084,0.084,0.084,0.0,0,2,27394048,send_recv,2,2
691,0.084,0.085,0.08466666666666667,0.085,0.00047140452079103207,0,2,27525120,send_recv,2,2
692,0.084,0.085,0.08433333333333333,0.084,0.00047140452079103207,0,2,27656192,send_recv,2,2
693,0.085,0.085,0.085,0.085,0.0,0,2,27787264,send_recv,2,2
694,0.085,0.085,0.085,0.085,0.0,0,2,27918336,send_recv,2,2
695,0.085,0.08600000000000001,0.08533333333333333,0.085,0.00047140452079103207,0,2,28049408,send_recv,2,2
696,0.08600000000000001,0.08600000000000001,0.08600000000000001,0.08600000000000001,0.0,0,2,28180480,send_recv,2,2
697,0.08600000000000001,0.08600000000000001,0.08600000000000001,0.08600000000000001,0.0,0,2,28311552,send_recv,2,2
698,0.08600000000000001,0.08700000000000001,0.08666666666666667,0.08700000000000001,0.00047140452079103207,0,2,28442624,send_recv,2,2
699,0.08700000000000001,0.088,0.08733333333333333,0.08700000000000001,0.00047140452079102557,0,2,28573696,send_recv,2,2
700,0.08700000000000001,0.088,0.08733333333333333,0.08700000000000001,0.00047140452079102557,0,2,28704768,send_recv,2,2
701,0.08700000000000001,0.088,0.08733333333333333,0.08700000000000001,0.00047140452079102557,0,2,28835840,send_recv,2,2
702,0.08700000000000001,0.088,0.08766666666666667,0.088,0.00047140452079102557,0,2,28966912,send_recv,2,2
703,0.088,0.089,0.08833333333333333,0.088,0.00047140452079103207,0,2,29097984,send_recv,2,2
704,0.088,0.089,0.08866666666666667,0.089,0.00047140452079103207,0,2,29229056,send_recv,2,2
705,0.088,0.089,0.08866666666666667,0.089,0.00047140452079103207,0,2,29360128,send_recv,2,2
706,0.09,0.09,0.09000000000000001,0.09,1.3877787807814457e-17,0,2,29491200,send_recv,2,2
707,0.089,0.09,0.08933333333333333,0.089,0.00047140452079103207,0,2,29622272,send_recv,2,2
708,0.09,0.09,0.09000000000000001,0.09,1.3877787807814457e-17,0,2,29753344,send_recv,2,2
709,0.09,0.091,0.09033333333333333,0.09,0.00047140452079103207,0,2,29884416,send_recv,2,2
710,0.09,0.091,0.09033333333333333,0.09,0.00047140452079103207,0,2,30015488,send_recv,2,2
711,0.091,0.091,0.09100000000000001,0.091,1.3877787807814457e-17,0,2,30146560,send_recv,2,2
712,0.09,0.091,0.09066666666666667,0.091,0.00047140452079103207,0,2,30277632,send_recv,2,2
713,0.091,0.091,0.09100000000000001,0.091,1.3877787807814457e-17,0,2,30408704,send_recv,2,2
714,0.092,0.092,0.09200000000000001,0.092,1.3877787807814457e-17,0,2,30539776,send_recv,2,2
715,0.092,0.093,0.09233333333333334,0.092,0.00047140452079103207,0,2,30670848,send_recv,2,2
716,0.092,0.093,0.09266666666666667,0.093,0.00047140452079103207,0,2,30801920,send_recv,2,2
717,0.093,0.094,0.09366666666666668,0.094,0.00047140452079103207,0,2,30932992,send_recv,2,2
718,0.093,0.093,0.09300000000000001,0.093,1.3877787807814457e-17,0,2,31064064,send_recv,2,2
719,0.093,0.094,0.09366666666666668,0.094,0.00047140452079103207,0,2,31195136,send_recv,2,2
720,0.094,0.094,0.09400000000000001,0.094,1.3877787807814457e-17,0,2,31326208,send_recv,2,2
721,0.094,0.094,0.09400000000000001,0.094,1.3877787807814457e-17,0,2,31457280,send_recv,2,2
722,0.095,0.096,0.09533333333333334,0.095,0.00047140452079103207,0,2,31588352,send_recv,2,2
723,0.095,0.096,0.09566666666666668,0.096,0.00047140452079103207,0,2,31719424,send_recv,2,2
724,0.096,0.096,0.09600000000000002,0.096,1.3877787807814457e-17,0,2,31850496,send_recv,2,2
725,0.096,0.097,0.09633333333333334,0.096,0.00047140452079103207,0,2,31981568,send_recv,2,2
726,0.096,0.097,0.09633333333333334,0.096,0.00047140452079103207,0,2,32112640,send_recv,2,2
727,0.097,0.098,0.09733333333333334,0.097,0.00047140452079103207,0,2,32243712,send_recv,2,2
728,0.096,0.097,0.09666666666666668,0.097,0.00047140452079103207,0,2,32374784,send_recv,2,2
729,0.097,0.098,0.09766666666666668,0.098,0.00047140452079103207,0,2,32505856,send_recv,2,2
730,0.098,0.099,0.09833333333333334,0.098,0.00047140452079103207,0,2,32636928,send_recv,2,2
731,0.098,0.098,0.09800000000000002,0.098,1.3877787807814457e-17,0,2,32768000,send_recv,2,2
732,0.098,0.099,0.09866666666666668,0.099,0.00047140452079103207,0,2,32899072,send_recv,2,2
733,0.099,0.099,0.09900000000000002,0.099,1.3877787807814457e-17,0,2,33030144,send_recv,2,2
734,0.099,0.1,0.09933333333333334,0.099,0.00047140452079103207,0,2,33161216,send_recv,2,2
735,0.099,0.1,0.09966666666666668,0.1,0.00047140452079103207,0,2,33292288,send_recv,2,2
736,0.1,0.1,0.10000000000000002,0.1,1.3877787807814457e-17,0,2,33423360,send_recv,2,2
737,0.099,0.1,0.09966666666666668,0.1,0.00047140452079103207,0,2,33554432,send_recv,2,2
738,0.101,0.10200000000000001,0.10166666666666668,0.10200000000000001,0.00047140452079103207,0,2,33685504,send_recv,2,2
739,0.10200000000000001,0.10200000000000001,0.10200000000000002,0.10200000000000001,1.3877787807814457e-17,0,2,33816576,send_recv,2,2
740,0.10200000000000001,0.10300000000000001,0.10233333333333335,0.10200000000000001,0.00047140452079103207,0,2,33947648,send_recv,2,2
741,0.10200000000000001,0.10300000000000001,0.10233333333333335,0.10200000000000001,0.00047140452079103207,0,2,34078720,send_recv,2,2
742,0.10300000000000001,0.10300000000000001,0.10300000000000002,0.10300000000000001,1.3877787807814457e-17,0,2,34209792,send_recv,2,2
743,0.10300000000000001,0.10300000000000001,0.10300000000000002,0.10300000000000001,1.3877787807814457e-17,0,2,34340864,send_recv,2,2
744,0.10300000000000001,0.10300000000000001,0.10300000000000002,0.10300000000000001,1.3877787807814457e-17,0,2,34471936,send_recv,2,2
745,0.10300000000000001,0.10400000000000001,0.10333333333333335,0.10300000000000001,0.00047140452079103207,0,2,34603008,send_recv,2,2
746,0.10400000000000001,0.10400000000000001,0.10400000000000002,0.10400000000000001,1.3877787807814457e-17,0,2,34734080,send_recv,2,2
747,0.10400000000000001,0.105,0.10433333333333335,0.10400000000000001,0.00047140452079102557,0,2,34865152,send_recv,2,2
748,0.105,0.105,0.105,0.105,0.0,0,2,34996224,send_recv,2,2
749,0.105,0.105,0.105,0.105,0.0,0,2,35127296,send_recv,2,2
750,0.105,0.105,0.105,0.105,0.0,0,2,35258368,send_recv,2,2
751,0.105,0.106,0.10566666666666667,0.106,0.00047140452079103207,0,2,35389440,send_recv,2,2
752,0.106,0.106,0.106,0.106,0.0,0,2,35520512,send_recv,2,2
753,0.106,0.106,0.106,0.106,0.0,0,2,35651584,send_recv,2,2
754,0.107,0.107,0.107,0.107,0.0,0,2,35782656,send_recv,2,2
755,0.107,0.107,0.107,0.107,0.0,0,2,35913728,send_recv,2,2
756,0.107,0.108,0.10766666666666667,0.108,0.00047140452079103207,0,2,36044800,send_recv,2,2
757,0.108,0.108,0.108,0.108,0.0,0,2,36175872,send_recv,2,2
758,0.108,0.108,0.108,0.108,0.0,0,2,36306944,send_recv,2,2
759,0.108,0.108,0.108,0.108,0.0,0,2,36438016,send_recv,2,2
760,0.109,0.109,0.109,0.109,0.0,0,2,36569088,send_recv,2,2
761,0.109,0.109,0.109,0.109,0.0,0,2,36700160,send_recv,2,2
762,0.11,0.11,0.11,0.11,0.0,0,2,36831232,send_recv,2,2
763,0.11,0.11,0.11,0.11,0.0,0,2,36962304,send_recv,2,2
764,0.11,0.111,0.11066666666666668,0.111,0.00047140452079103207,0,2,37093376,send_recv,2,2
765,0.11,0.111,0.11066666666666668,0.111,0.00047140452079103207,0,2,37224448,send_recv,2,2
766,0.111,0.111,0.111,0.111,0.0,0,2,37355520,send_recv,2,2
767,0.111,0.111,0.111,0.111,0.0,0,2,37486592,send_recv,2,2
768,0.111,0.112,0.11166666666666668,0.112,0.00047140452079103207,0,2,37617664,send_recv,2,2
769,0.111,0.112,0.11166666666666668,0.112,0.00047140452079103207,0,2,37748736,send_recv,2,2
770,0.112,0.113,0.11266666666666668,0.113,0.00047140452079103207,0,2,37879808,send_recv,2,2
771,0.113,0.114,0.11366666666666668,0.114,0.00047140452079103207,0,2,38010880,send_recv,2,2
772,0.113,0.114,0.11366666666666668,0.114,0.00047140452079103207,0,2,38141952,send_recv,2,2
773,0.113,0.114,0.11366666666666668,0.114,0.00047140452079103207,0,2,38273024,send_recv,2,2
774,0.113,0.114,0.11366666666666668,0.114,0.00047140452079103207,0,2,38404096,send_recv,2,2
775,0.114,0.115,0.11433333333333334,0.114,0.00047140452079103207,0,2,38535168,send_recv,2,2
776,0.114,0.115,0.11433333333333334,0.114,0.00047140452079103207,0,2,38666240,send_recv,2,2
777,0.114,0.114,0.114,0.114,0.0,0,2,38797312,send_recv,2,2
778,0.115,0.116,0.11566666666666668,0.116,0.00047140452079103207,0,2,38928384,send_recv,2,2
779,0.115,0.116,0.11533333333333334,0.115,0.00047140452079103207,0,2,39059456,send_recv,2,2
780,0.116,0.116,0.116,0.116,0.0,0,2,39190528,send_recv,2,2
781,0.116,0.116,0.116,0.116,0.0,0,2,39321600,send_recv,2,2
782,0.116,0.117,0.11633333333333334,0.116,0.00047140452079103207,0,2,39452672,send_recv,2,2
783,0.116,0.117,0.11633333333333334,0.116,0.00047140452079103207,0,2,39583744,send_recv,2,2
784,0.117,0.117,0.117,0.117,0.0,0,2,39714816,send_recv,2,2
785,0.117,0.117,0.117,0.117,0.0,0,2,39845888,send_recv,2,2
786,0.11900000000000001,0.11900000000000001,0.11900000000000001,0.11900000000000001,0.0,0,2,39976960,send_recv,2,2
787,0.11900000000000001,0.11900000000000001,0.11900000000000001,0.11900000000000001,0.0,0,2,40108032,send_recv,2,2
788,0.11900000000000001,0.11900000000000001,0.11900000000000001,0.11900000000000001,0.0,0,2,40239104,send_recv,2,2
789,0.11900000000000001,0.12,0.11933333333333333,0.11900000000000001,0.00047140452079102557,0,2,40370176,send_recv,2,2
790,0.12,0.12,0.12,0.12,0.0,0,2,40501248,send_recv,2,2
791,0.12,0.12,0.12,0.12,0.0,0,2,40632320,send_recv,2,2
792,0.12,0.12,0.12,0.12,0.0,0,2,40763392,send_recv,2,2
793,0.12,0.121,0.12066666666666666,0.121,0.00047140452079103207,0,2,40894464,send_recv,2,2
794,0.12,0.121,0.12066666666666666,0.121,0.00047140452079103207,0,2,41025536,send_recv,2,2
795,0.121,0.121,0.121,0.121,0.0,0,2,41156608,send_recv,2,2
796,0.121,0.121,0.121,0.121,0.0,0,2,41287680,send_recv,2,2
797,0.122,0.122,0.122,0.122,0.0,0,2,41418752,send_recv,2,2
798,0.121,0.122,0.12166666666666666,0.122,0.00047140452079103207,0,2,41549824,send_recv,2,2
799,0.122,0.122,0.122,0.122,0.0,0,2,41680896,send_recv,2,2
800,0.122,0.123,0.12266666666666666,0.123,0.00047140452079103207,0,2,41811968,send_recv,2,2
801,0.123,0.123,0.123,0.123,0.0,0,2,41943040,send_recv,2,2
802,0.125,0.125,0.125,0.125,0.0,0,2,42074112,send_recv,2,2
803,0.125,0.126,0.12566666666666668,0.126,0.00047140452079103207,0,2,42205184,send_recv,2,2
804,0.126,0.126,0.126,0.126,0.0,0,2,42336256,send_recv,2,2
805,0.126,0.126,0.126,0.126,0.0,0,2,42467328,send_recv,2,2
806,0.126,0.126,0.126,0.126,0.0,0,2,42598400,send_recv,2,2
807,0.126,0.127,0.12666666666666668,0.127,0.00047140452079103207,0,2,42729472,send_recv,2,2
808,0.126,0.127,0.12666666666666668,0.127,0.00047140452079103207,0,2,42860544,send_recv,2,2
809,0.127,0.127,0.127,0.127,0.0,0,2,42991616,send_recv,2,2
810,0.127,0.128,0.12766666666666668,0.128,0.00047140452079103207,0,2,43122688,send_recv,2,2
811,0.128,0.129,0.12833333333333333,0.128,0.00047140452079103207,0,2,43253760,send_recv,2,2
812,0.128,0.129,0.12833333333333333,0.128,0.00047140452079103207,0,2,43384832,send_recv,2,2
813,0.129,0.129,0.129,0.129,0.0,0,2,43515904,send_recv,2,2
814,0.129,0.13,0.12933333333333333,0.129,0.00047140452079103207,0,2,43646976,send_recv,2,2
815,0.129,0.13,0.12933333333333333,0.129,0.00047140452079103207,0,2,43778048,send_recv,2,2
816,0.129,0.13,0.12966666666666668,0.13,0.00047140452079103207,0,2,43909120,send_recv,2,2
817,0.13,0.131,0.13066666666666668,0.131,0.00047140452079103207,0,2,44040192,send_recv,2,2
818,0.131,0.132,0.13133333333333333,0.131,0.00047140452079103207,0,2,44171264,send_recv,2,2
819,0.131,0.132,0.13133333333333333,0.131,0.00047140452079103207,0,2,44302336,send_recv,2,2
820,0.131,0.132,0.13166666666666668,0.132,0.00047140452079103207,0,2,44433408,send_recv,2,2
821,0.132,0.133,0.13233333333333333,0.132,0.00047140452079103207,0,2,44564480,send_recv,2,2
822,0.132,0.133,0.13266666666666668,0.133,0.00047140452079103207,0,2,44695552,send_recv,2,2
823,0.132,0.133,0.13266666666666668,0.133,0.00047140452079103207,0,2,44826624,send_recv,2,2
824,0.133,0.133,0.133,0.133,0.0,0,2,44957696,send_recv,2,2
825,0.133,0.133,0.133,0.133,0.0,0,2,45088768,send_recv,2,2
826,0.134,0.135,0.13433333333333333,0.134,0.00047140452079103207,0,2,45219840,send_recv,2,2
827,0.134,0.134,0.134,0.134,0.0,0,2,45350912,send_recv,2,2
828,0.134,0.135,0.13466666666666668,0.135,0.00047140452079103207,0,2,45481984,send_recv,2,2
829,0.135,0.135,0.135,0.135,0.0,0,2,45613056,send_recv,2,2
830,0.135,0.136,0.13566666666666669,0.136,0.00047140452079103207,0,2,45744128,send_recv,2,2
831,0.135,0.135,0.135,0.135,0.0,0,2,45875200,send_recv,2,2
832,0.135,0.136,0.13566666666666669,0.136,0.00047140452079103207,0,2,46006272,send_recv,2,2
833,0.135,0.136,0.13566666666666669,0.136,0.00047140452079103207,0,2,46137344,send_recv,2,2
834,0.137,0.137,0.137,0.137,0.0,0,2,46268416,send_recv,2,2
835,0.137,0.138,0.13733333333333334,0.137,0.00047140452079103207,0,2,46399488,send_recv,2,2
836,0.137,0.138,0.1376666666666667,0.138,0.00047140452079103207,0,2,46530560,send_recv,2,2
837,0.137,0.139,0.1376666666666667,0.137,0.0009428090415820641,0,2,46661632,send_recv,2,2
838,0.138,0.138,0.138,0.138,0.0,0,2,46792704,send_recv,2,2
839,0.137,0.138,0.1376666666666667,0.138,0.00047140452079103207,0,2,46923776,send_recv,2,2
840,0.138,0.139,0.1386666666666667,0.139,0.00047140452079103207,0,2,47054848,send_recv,2,2
841,0.138,0.139,0.13833333333333334,0.138,0.00047140452079103207,0,2,47185920,send_recv,2,2
842,0.139,0.14,0.13933333333333334,0.139,0.00047140452079103207,0,2,47316992,send_recv,2,2
843,0.139,0.14,0.13933333333333334,0.139,0.00047140452079103207,0,2,47448064,send_recv,2,2
844,0.139,0.14,0.1396666666666667,0.14,0.00047140452079103207,0,2,47579136,send_recv,2,2
845,0.139,0.14,0.1396666666666667,0.14,0.00047140452079103207,0,2,47710208,send_recv,2,2
846,0.139,0.14100000000000001,0.14,0.14,0.0008164965809277268,0,2,47841280,send_recv,2,2
847,0.14100000000000001,0.14100000000000001,0.14100000000000001,0.14100000000000001,0.0,0,2,47972352,send_recv,2,2
848,0.14100000000000001,0.14200000000000002,0.1416666666666667,0.14200000000000002,0.00047140452079103207,0,2,48103424,send_recv,2,2
849,0.14,0.14200000000000002,0.14100000000000001,0.14100000000000001,0.0008164965809277268,0,2,48234496,send_recv,2,2
850,0.14100000000000001,0.14200000000000002,0.1416666666666667,0.14200000000000002,0.00047140452079103207,0,2,48365568,send_recv,2,2
851,0.14200000000000002,0.14200000000000002,0.14200000000000002,0.14200000000000002,0.0,0,2,48496640,send_recv,2,2
852,0.14200000000000002,0.14300000000000002,0.14233333333333334,0.14200000000000002,0.00047140452079103207,0,2,48627712,send_recv,2,2
853,0.14200000000000002,0.14300000000000002,0.1426666666666667,0.14300000000000002,0.00047140452079103207,0,2,48758784,send_recv,2,2
854,0.14300000000000002,0.14400000000000002,0.14333333333333334,0.14300000000000002,0.00047140452079103207,0,2,48889856,send_recv,2,2
855,0.14200000000000002,0.14400000000000002,0.14300000000000002,0.14300000000000002,0.0008164965809277268,0,2,49020928,send_recv,2,2
856,0.14300000000000002,0.14400000000000002,0.1436666666666667,0.14400000000000002,0.00047140452079103207,0,2,49152000,send_recv,2,2
857,0.14400000000000002,0.14400000000000002,0.14400000000000002,0.14400000000000002,0.0,0,2,49283072,send_recv,2,2
858,0.14400000000000002,0.145,0.14433333333333334,0.14400000000000002,0.000471404520791019,0,2,49414144,send_recv,2,2
859,0.145,0.145,0.145,0.145,0.0,0,2,49545216,send_recv,2,2
860,0.145,0.146,0.14566666666666664,0.146,0.00047140452079103207,0,2,49676288,send_recv,2,2
861,0.145,0.146,0.14533333333333331,0.145,0.00047140452079103207,0,2,49807360,send_recv,2,2
862,0.145,0.146,0.14533333333333331,0.145,0.00047140452079103207,0,2,49938432,send_recv,2,2
863,0.146,0.147,0.14633333333333332,0.146,0.00047140452079103207,0,2,50069504,send_recv,2,2
864,0.146,0.146,0.146,0.146,0.0,0,2,50200576,send_recv,2,2
865,0.146,0.147,0.14633333333333332,0.146,0.00047140452079103207,0,2,50331648,send_recv,2,2
866,0.148,0.148,0.148,0.148,0.0,0,2,50462720,send_recv,2,2
867,0.149,0.149,0.149,0.149,0.0,0,2,50593792,send_recv,2,2
868,0.148,0.149,0.14866666666666664,0.149,0.00047140452079103207,0,2,50724864,send_recv,2,2
869,0.149,0.15,0.14933333333333332,0.149,0.00047140452079103207,0,2,50855936,send_recv,2,2
870,0.149,0.149,0.149,0.149,0.0,0,2,50987008,send_recv,2,2
871,0.15,0.151,0.15033333333333332,0.15,0.00047140452079103207,0,2,51118080,send_recv,2,2
872,0.15,0.15,0.15,0.15,0.0,0,2,51249152,send_recv,2,2
873,0.15,0.151,0.15033333333333332,0.15,0.00047140452079103207,0,2,51380224,send_recv,2,2
874,0.151,0.152,0.15133333333333332,0.151,0.00047140452079103207,0,2,51511296,send_recv,2,2
875,0.151,0.152,0.15166666666666664,0.152,0.00047140452079103207,0,2,51642368,send_recv,2,2
876,0.152,0.152,0.152,0.152,0.0,0,2,51773440,send_recv,2,2
877,0.152,0.153,0.15233333333333332,0.152,0.00047140452079103207,0,2,51904512,send_recv,2,2
878,0.152,0.153,0.15233333333333332,0.152,0.00047140452079103207,0,2,52035584,send_recv,2,2
879,0.152,0.153,0.15266666666666664,0.153,0.00047140452079103207,0,2,52166656,send_recv,2,2
880,0.153,0.153,0.153,0.153,0.0,0,2,52297728,send_recv,2,2
881,0.153,0.153,0.153,0.153,0.0,0,2,52428800,send_recv,2,2
882,0.154,0.155,0.15433333333333332,0.154,0.00047140452079103207,0,2,52559872,send_recv,2,2
883,0.154,0.154,0.154,0.154,0.0,0,2,52690944,send_recv,2,2
884,0.155,0.155,0.155,0.155,0.0,0,2,52822016,send_recv,2,2
885,0.154,0.155,0.15466666666666665,0.155,0.00047140452079103207,0,2,52953088,send_recv,2,2
886,0.155,0.155,0.155,0.155,0.0,0,2,53084160,send_recv,2,2
887,0.155,0.156,0.15533333333333332,0.155,0.00047140452079103207,0,2,53215232,send_recv,2,2
888,0.156,0.156,0.156,0.156,0.0,0,2,53346304,send_recv,2,2
889,0.156,0.157,0.15633333333333332,0.156,0.00047140452079103207,0,2,53477376,send_recv,2,2
890,0.157,0.157,0.157,0.157,0.0,0,2,53608448,send_recv,2,2
891,0.157,0.157,0.157,0.157,0.0,0,2,53739520,send_recv,2,2
892,0.157,0.158,0.15766666666666665,0.158,0.00047140452079103207,0,2,53870592,send_recv,2,2
893,0.157,0.158,0.15766666666666665,0.158,0.00047140452079103207,0,2,54001664,send_recv,2,2
894,0.157,0.158,0.15766666666666665,0.158,0.00047140452079103207,0,2,54132736,send_recv,2,2
895,0.158,0.158,0.158,0.158,0.0,0,2,54263808,send_recv,2,2
896,0.159,0.159,0.159,0.159,0.0,0,2,54394880,send_recv,2,2
897,0.159,0.16,0.15966666666666665,0.16,0.00047140452079103207,0,2,54525952,send_recv,2,2
898,0.158,0.16,0.159,0.159,0.0008164965809277268,0,2,54657024,send_recv,2,2
899,0.16,0.16,0.16,0.16,0.0,0,2,54788096,send_recv,2,2
900,0.159,0.161,0.15966666666666665,0.159,0.0009428090415820641,0,2,54919168,send_recv,2,2
901,0.16,0.161,0.16033333333333333,0.16,0.00047140452079103207,0,2,55050240,send_recv,2,2
902,0.16,0.16,0.16,0.16,0.0,0,2,55181312,send_recv,2,2
903,0.161,0.161,0.161,0.161,0.0,0,2,55312384,send_recv,2,2
904,0.161,0.161,0.161,0.161,0.0,0,2,55443456,send_recv,2,2
905,0.161,0.162,0.16166666666666665,0.162,0.00047140452079103207,0,2,55574528,send_recv,2,2
906,0.162,0.163,0.16266666666666665,0.163,0.00047140452079103207,0,2,55705600,send_recv,2,2
907,0.163,0.163,0.163,0.163,0.0,0,2,55836672,send_recv,2,2
908,0.162,0.163,0.16266666666666665,0.163,0.00047140452079103207,0,2,55967744,send_recv,2,2
909,0.162,0.163,0.16266666666666665,0.163,0.00047140452079103207,0,2,56098816,send_recv,2,2
910,0.163,0.164,0.16333333333333333,0.163,0.00047140452079103207,0,2,56229888,send_recv,2,2
911,0.163,0.163,0.163,0.163,0.0,0,2,56360960,send_recv,2,2
912,0.164,0.164,0.164,0.164,0.0,0,2,56492032,send_recv,2,2
913,0.164,0.164,0.164,0.164,0.0,0,2,56623104,send_recv,2,2
914,0.165,0.165,0.165,0.165,0.0,0,2,56754176,send_recv,2,2
915,0.164,0.165,0.16433333333333333,0.164,0.00047140452079103207,0,2,56885248,send_recv,2,2
916,0.165,0.166,0.16533333333333333,0.165,0.00047140452079103207,0,2,57016320,send_recv,2,2
917,0.165,0.166,0.16533333333333333,0.165,0.00047140452079103207,0,2,57147392,send_recv,2,2
918,0.166,0.166,0.166,0.166,0.0,0,2,57278464,send_recv,2,2
919,0.165,0.166,0.16566666666666666,0.166,0.00047140452079103207,0,2,57409536,send_recv,2,2
920,0.166,0.167,0.16633333333333333,0.166,0.00047140452079103207,0,2,57540608,send_recv,2,2
921,0.166,0.167,0.16633333333333333,0.166,0.00047140452079103207,0,2,57671680,send_recv,2,2
922,0.167,0.168,0.16733333333333333,0.167,0.00047140452079103207,0,2,57802752,send_recv,2,2
923,0.167,0.168,0.16766666666666666,0.168,0.00047140452079103207,0,2,57933824,send_recv,2,2
924,0.168,0.168,0.168,0.168,0.0,0,2,58064896,send_recv,2,2
925,0.168,0.168,0.168,0.168,0.0,0,2,58195968,send_recv,2,2
926,0.168,0.169,0.16866666666666666,0.169,0.00047140452079103207,0,2,58327040,send_recv,2,2
927,0.169,0.169,0.169,0.169,0.0,0,2,58458112,send_recv,2,2
928,0.169,0.17,0.16933333333333334,0.169,0.00047140452079103207,0,2,58589184,send_recv,2,2
929,0.168,0.17,0.169,0.169,0.0008164965809277268,0,2,58720256,send_recv,2,2
930,0.17200000000000001,0.17200000000000001,0.17200000000000001,0.17200000000000001,0.0,0,2,58851328,send_recv,2,2
931,0.17300000000000001,0.17300000000000001,0.17300000000000001,0.17300000000000001,0.0,0,2,58982400,send_recv,2,2
932,0.17200000000000001,0.17300000000000001,0.17233333333333334,0.17200000000000001,0.00047140452079103207,0,2,59113472,send_recv,2,2
933,0.17300000000000001,0.17300000000000001,0.17300000000000001,0.17300000000000001,0.0,0,2,59244544,send_recv,2,2
934,0.17200000000000001,0.17300000000000001,0.17266666666666666,0.17300000000000001,0.00047140452079103207,0,2,59375616,send_recv,2,2
935,0.17300000000000001,0.17400000000000002,0.17333333333333334,0.17300000000000001,0.00047140452079103207,0,2,59506688,send_recv,2,2
936,0.17300000000000001,0.17400000000000002,0.17333333333333334,0.17300000000000001,0.00047140452079103207,0,2,59637760,send_recv,2,2
937,0.17400000000000002,0.17400000000000002,0.17400000000000002,0.17400000000000002,0.0,0,2,59768832,send_recv,2,2
938,0.176,0.176,0.17600000000000002,0.176,2.7755575615628914e-17,0,2,59899904,send_recv,2,2
939,0.17500000000000002,0.176,0.17533333333333334,0.17500000000000002,0.000471404520791019,0,2,60030976,send_recv,2,2
940,0.176,0.176,0.17600000000000002,0.176,2.7755575615628914e-17,0,2,60162048,send_recv,2,2
941,0.176,0.177,0.17633333333333331,0.176,0.00047140452079103207,0,2,60293120,send_recv,2,2
942,0.176,0.177,0.17633333333333331,0.176,0.00047140452079103207,0,2,60424192,send_recv,2,2
943,0.176,0.176,0.17600000000000002,0.176,2.7755575615628914e-17,0,2,60555264,send_recv,2,2
944,0.176,0.177,0.17666666666666667,0.177,0.00047140452079103207,0,2,60686336,send_recv,2,2
945,0.177,0.177,0.17699999999999996,0.177,2.7755575615628914e-17,0,2,60817408,send_recv,2,2
946,0.177,0.178,0.17733333333333334,0.177,0.00047140452079103207,0,2,60948480,send_recv,2,2
947,0.177,0.178,0.17733333333333334,0.177,0.00047140452079103207,0,2,61079552,send_recv,2,2
948,0.178,0.179,0.17833333333333332,0.178,0.00047140452079103207,0,2,61210624,send_recv,2,2
949,0.178,0.179,0.17833333333333332,0.178,0.00047140452079103207,0,2,61341696,send_recv,2,2
950,0.178,0.179,0.17833333333333332,0.178,0.00047140452079103207,0,2,61472768,send_recv,2,2
951,0.178,0.179,0.17866666666666667,0.179,0.00047140452079103207,0,2,61603840,send_recv,2,2
952,0.179,0.18,0.17966666666666664,0.18,0.00047140452079103207,0,2,61734912,send_recv,2,2
953,0.18,0.18,0.18000000000000002,0.18,2.7755575615628914e-17,0,2,61865984,send_recv,2,2
954,0.18,0.181,0.18033333333333332,0.18,0.00047140452079103207,0,2,61997056,send_recv,2,2
955,0.18,0.181,0.18066666666666667,0.181,0.00047140452079103207,0,2,62128128,send_recv,2,2
956,0.18,0.181,0.18066666666666667,0.181,0.00047140452079103207,0,2,62259200,send_recv,2,2
957,0.181,0.181,0.18099999999999997,0.181,2.7755575615628914e-17,0,2,62390272,send_recv,2,2
958,0.181,0.182,0.18166666666666664,0.182,0.00047140452079103207,0,2,62521344,send_recv,2,2
959,0.181,0.182,0.18166666666666664,0.182,0.00047140452079103207,0,2,62652416,send_recv,2,2
960,0.182,0.183,0.18233333333333332,0.182,0.00047140452079103207,0,2,62783488,send_recv,2,2
961,0.182,0.183,0.18233333333333332,0.182,0.00047140452079103207,0,2,62914560,send_recv,2,2
962,0.182,0.184,0.18299999999999997,0.183,0.0008164965809277268,0,2,63045632,send_recv,2,2
963,0.183,0.184,0.18366666666666664,0.184,0.00047140452079103207,0,2,63176704,send_recv,2,2
964,0.183,0.184,0.18366666666666664,0.184,0.00047140452079103207,0,2,63307776,send_recv,2,2
965,0.184,0.184,0.18400000000000002,0.184,2.7755575615628914e-17,0,2,63438848,send_recv,2,2
966,0.184,0.184,0.18400000000000002,0.184,2.7755575615628914e-17,0,2,63569920,send_recv,2,2
967,0.184,0.185,0.18433333333333332,0.184,0.00047140452079103207,0,2,63700992,send_recv,2,2
968,0.184,0.185,0.18433333333333332,0.184,0.00047140452079103207,0,2,63832064,send_recv,2,2
969,0.184,0.186,0.18466666666666667,0.184,0.0009428090415820641,0,2,63963136,send_recv,2,2
970,0.185,0.185,0.18499999999999997,0.185,2.7755575615628914e-17,0,2,64094208,send_recv,2,2
971,0.185,0.187,0.18600000000000003,0.186,0.0008164965809277268,0,2,64225280,send_recv,2,2
972,0.185,0.186,0.18566666666666665,0.186,0.00047140452079103207,0,2,64356352,send_recv,2,2
973,0.186,0.186,0.18600000000000003,0.186,2.7755575615628914e-17,0,2,64487424,send_recv,2,2
974,0.186,0.187,0.18633333333333332,0.186,0.00047140452079103207,0,2,64618496,send_recv,2,2
975,0.186,0.187,0.18666666666666668,0.187,0.00047140452079103207,0,2,64749568,send_recv,2,2
976,0.187,0.187,0.18699999999999997,0.187,2.7755575615628914e-17,0,2,64880640,send_recv,2,2
977,0.187,0.187,0.18699999999999997,0.187,2.7755575615628914e-17,0,2,65011712,send_recv,2,2
978,0.187,0.188,0.18766666666666665,0.188,0.00047140452079103207,0,2,65142784,send_recv,2,2
979,0.188,0.189,0.18833333333333332,0.188,0.00047140452079103207,0,2,65273856,send_recv,2,2
980,0.187,0.189,0.18800000000000003,0.188,0.0008164965809277268,0,2,65404928,send_recv,2,2
981,0.188,0.189,0.18866666666666668,0.189,0.00047140452079103207,0,2,65536000,send_recv,2,2
982,0.188,0.189,0.18833333333333332,0.188,0.00047140452079103207,0,2,65667072,send_recv,2,2
983,0.188,0.19,0.18899999999999997,0.189,0.0008164965809277268,0,2,65798144,send_recv,2,2
984,0.188,0.189,0.18866666666666668,0.189,0.00047140452079103207,0,2,65929216,send_recv,2,2
985,0.189,0.19,0.18966666666666665,0.19,0.00047140452079103207,0,2,66060288,send_recv,2,2
986,0.19,0.191,0.19066666666666668,0.191,0.00047140452079103207,0,2,66191360,send_recv,2,2
987,0.19,0.191,0.19066666666666668,0.191,0.00047140452079103207,0,2,66322432,send_recv,2,2
988,0.191,0.192,0.19166666666666665,0.192,0.00047140452079103207,0,2,66453504,send_recv,2,2
989,0.191,0.192,0.19133333333333336,0.191,0.00047140452079103207,0,2,66584576,send_recv,2,2
990,0.192,0.192,0.19200000000000003,0.192,2.7755575615628914e-17,0,2,66715648,send_recv,2,2
991,0.191,0.192,0.19166666666666665,0.192,0.00047140452079103207,0,2,66846720,send_recv,2,2
992,0.192,0.193,0.19233333333333333,0.192,0.00047140452079103207,0,2,66977792,send_recv,2,2
993,0.192,0.192,0.19200000000000003,0.192,2.7755575615628914e-17,0,2,67108864,send_recv,2,2
