,schedule_mean,sampler_e2e_mean,prepare_inputs_e2e_mean,model_execution_e2e_mean,process_model_outputs_mean,schedule_median,sampler_e2e_median,prepare_inputs_e2e_median,model_execution_e2e_median,process_model_outputs_median,model_name,batch_size,tensor_parallel_degree,ray_comm_time_mean
0,0.051332637667655945,0.4428888112306595,0.14879219233989716,9.387938007712364,0.26848480105400085,0.047978537075465344,0.42443314123644965,0.13903895161423085,7.636964272369089,0.25589170423585045,/mnt/data02/000000/model/Llama-2-7b-hf,8,1,1.3668742030858994
1,0.07149204611778259,0.4813829626964063,0.16470990922986245,10.458112447237482,0.43053484084654825,0.06876905671012956,0.46533357964714056,0.15770941013658743,8.4401510975436,0.4176962475999589,/mnt/data02/000000/model/Llama-2-7b-hf,16,1,1.7633384891918726
2,0.09718872103336695,0.47023189128250686,0.15754189744994446,10.716418307777998,0.6137960716276556,0.09413726577558001,0.4542985204456069,0.14763664317007683,8.855158999729996,0.6169294155828551,/mnt/data02/000000/model/Llama-2-7b-hf,24,1,1.8530635515580307
3,0.10699605835335595,0.5642936698028019,0.1665158007217913,13.079875433931546,0.741906331053802,0.10445475655019301,0.4766366840350462,0.15396944217894318,9.5735132896459,0.7297884327466929,/mnt/data02/000000/model/Llama-2-7b-hf,32,1,2.0548546572729034
4,0.12496889122133333,0.4915524486119185,0.17028618452510214,11.983587701873082,0.915565217534701,0.12063314419005078,0.46907117999773323,0.15770941013658743,10.044249372563401,0.9075555230108427,/mnt/data02/000000/model/Llama-2-7b-hf,40,1,2.215789540148363
5,0.14491883569023237,0.5114462708129364,0.19128877846967607,12.847959273019615,1.06212283883776,0.14384756070597216,0.5050990513428187,0.18618749779828003,10.815716347265234,1.0628984043498855,/mnt/data02/000000/model/Llama-2-7b-hf,48,1,2.6079289311048934
6,0.16015307804526285,0.5078847888250684,0.17611808035262796,13.365219596253578,1.2291466903894446,0.15865851137017192,0.490171113473513,0.1657953472663637,11.370250171985887,1.2275245350813824,/mnt/data02/000000/model/Llama-2-7b-hf,56,1,2.6845764693652474
7,0.18114046364718553,0.5401865560181287,0.19447377179654277,14.22330884414972,1.4300078761820891,0.17852956265976133,0.5278196038654965,0.17888697920162275,12.121737538968073,1.4204867818653981,/mnt/data02/000000/model/Llama-2-7b-hf,64,1,2.921156908328436
8,0.17895115235326242,0.565378660602229,0.2065378583359475,14.228901920878158,1.3947321520167955,0.17746159204357204,0.5582208008990526,0.20412942915725663,12.121737538968073,1.395146755757354,/mnt/data02/000000/model/Llama-2-7b-hf,64,1,2.8858588799378095
9,0.22653995880058833,0.5440574139356613,0.19481436026339627,16.593063820381555,1.785559001929906,0.21288545759904617,0.5384822707458549,0.18470393946700464,14.512355523599844,1.7594472343604337,/mnt/data02/000000/model/Llama-2-7b-hf,80,1,3.142509100084402
10,0.281983004490129,0.748268360284721,0.2627715747169897,18.211264575064995,2.456116838520076,0.2674023196106991,0.675028321642906,0.2334001340017798,16.72660288349453,2.4036773463418264,/mnt/data02/000000/model/Llama-2-7b-hf,96,1,4.423706418498844
11,0.31387292217930274,0.7044633486614978,0.22058329563968035,19.13756725674294,2.4956637184317536,0.30270368225306477,0.6955860015398296,0.2103460978919005,17.444082039670334,2.5421236413942827,/mnt/data02/000000/model/Llama-2-7b-hf,112,1,4.041947723086652
12,0.33559429706359395,0.7184238686245314,0.23290739223665122,20.759957505161967,2.812410989890293,0.32988839797746117,0.7011730096495689,0.21849306436201546,18.93478071465443,2.883485637110713,/mnt/data02/000000/model/Llama-2-7b-hf,128,1,4.432518838201554
13,0.054687559604644775,0.6150633841753006,0.16228578984737396,12.975516095757484,0.2898091822862625,0.05187068491076683,0.5706377482658458,0.1536618109258384,11.834279042056252,0.28280407912508504,/mnt/data02/000000/model/Llama-2-7b-hf,8,2,1.7330577969551086
14,0.08029680775136364,0.5858661416842013,0.15177395270795238,13.55134790801272,0.5073599821450759,0.07878746668409421,0.55710547462353,0.14241625308744993,12.09751828314596,0.5000732301419085,/mnt/data02/000000/model/Llama-2-7b-hf,16,2,1.8049196473189764
15,0.08882081287132727,0.6206238994727263,0.15883505143023827,13.605610366810012,0.6013299665741019,0.08742261190496955,0.5740718679568646,0.15001782894227444,12.268074705169603,0.5856688928657175,/mnt/data02/000000/model/Llama-2-7b-hf,24,2,1.9475414694563762
16,0.10565396550358558,0.6372973284855181,0.17326127509681546,13.367599978738902,0.7672508304216423,0.1042460557379049,0.6047133906468014,0.15834151134745428,11.857971292390696,0.7580540480894626,/mnt/data02/000000/model/Llama-2-7b-hf,32,2,2.2626378554470685
17,0.1289138222128395,0.6579991308896522,0.1836124110997208,13.680053995997925,0.9312133902941293,0.12160208024310702,0.6331799270180365,0.1767531632414308,11.953215563593659,0.9039325504868199,/mnt/data02/000000/model/Llama-2-7b-hf,40,2,2.4630556988522287
18,0.1437988791133271,0.6325528988627349,0.17710145385492415,13.347793294458974,1.090246537814335,0.14270137071124867,0.6156967893778944,0.1654640878312661,11.716525959073945,1.0843703836591938,/mnt/data02/000000/model/Llama-2-7b-hf,48,2,2.500959919119368
19,0.1618151856196481,0.6549522540597028,0.17796821762309517,14.040494575923265,1.2382465133140252,0.1592944165901874,0.623129661365701,0.1681328069466118,12.540963206745749,1.2473228987883653,/mnt/data02/000000/model/Llama-2-7b-hf,56,2,2.827093546646972
20,0.18531520261752363,0.646726133263841,0.18293299351115616,13.453520112195793,1.4380164235374149,0.1817721919818646,0.6357177197738274,0.1725615860466224,11.929333015015049,1.426180109955712,/mnt/data02/000000/model/Llama-2-7b-hf,64,2,2.8725589568517647
21,0.1835261699648536,0.6439497656359965,0.18193508137245568,13.292707673901198,1.464138358679353,0.17852956265976133,0.6331799270180365,0.17084456900746897,11.716525959073945,1.4462870584241607,/mnt/data02/000000/model/Llama-2-7b-hf,64,2,2.878788478520452
22,0.21576613035737252,0.7105536302741693,0.2085850859174923,14.248532786661265,1.7565448065193332,0.2124601120294177,0.6900435112012945,0.18843520780869435,12.845587292456953,1.7559318552708023,/mnt/data02/000000/model/Llama-2-7b-hf,80,2,3.386508566992623
23,0.27517167863999903,0.7582156963291622,0.23747274816847172,14.671089153001908,2.236911260402527,0.26106106130355294,0.7385986524723295,0.2371645726017134,13.236793799175965,2.1361384854316605,/mnt/data02/000000/model/Llama-2-7b-hf,96,2,4.213604911350879
24,0.30015447005933643,0.7778144938431398,0.21589035304051446,14.994621988244724,2.487388257556337,0.2943455364635546,0.767205498602922,0.20618096471435318,13.776997785638752,2.4818389636762546,/mnt/data02/000000/model/Llama-2-7b-hf,112,2,4.099508437922675
25,0.3412904417408364,0.9223811081325521,0.27390382708791566,15.95231798021313,2.8568093132759844,0.33588015517647485,0.9130172266954232,0.2728042066117939,14.599691431569676,2.8263887771524017,/mnt/data02/000000/model/Llama-2-7b-hf,128,2,5.1075128781400165
